,Rk,Player,Age,Team,Lg,G,PA,AB,R,H,1B,2B,3B,HR,RBI,SB,CS,BB,SO,BA,OBP,SLG,OPS,OPS+,TB,GIDP,HBP,SH,SF,IBB,WAR,WAA,oWAR,dWAR,Rbat,Rdp,Rbaser,Rbaser + Rdp,Rfield,Pos,Player-additional,rOBA,Rbat+,BAbip,ISO,HR%,SO%,BB%,LD%,GB%,FB%,GB/FB,Pull%,Cent%,Oppo%,WPA,RE24
0,1,Albert Pujols,29,STL,NL,160,700,568,124,186,93,45,1,47,135,16,4,115,64,0.327,0.443,0.658,1.101,189,374,23,9,0,8,44,9.7,7.6,7.9,0.8,67,-3,3,1,17,*3/HD,pujolal01,0.459,190,0.299,0.331,6.7,9.1,16.4,19.3,38.5,32.6,0.63,34.0,55.5,10.5,8.0,78.73
1,2,Ben Zobrist,28,TBR,AL,152,599,501,91,149,87,28,7,27,91,17,6,91,104,0.297,0.405,0.543,0.948,149,272,7,2,1,4,4,8.6,6.5,6.1,2.6,37,2,1,3,25,49H6/7835D,zobribe01,0.412,152,0.326,0.246,4.5,17.4,15.2,23.9,41.0,27.9,0.7,31.3,56.2,12.4,4.2,43.04
2,3,Chase Utley,30,PHI,NL,156,687,571,112,161,98,28,4,31,93,23,0,88,110,0.282,0.397,0.508,0.905,137,290,5,24,0,4,3,8.2,6.2,7.0,1.6,33,3,10,13,12,*4/H,utleych01,0.41,142,0.3,0.226,4.5,16.0,12.8,19.4,34.4,38.1,0.52,33.8,50.3,15.9,4.6,47.83
3,4,Joe Mauer,26,MIN,AL,138,606,523,94,191,132,30,1,28,96,4,1,76,63,0.365,0.444,0.587,1.031,171,307,13,2,0,5,14,7.8,5.8,7.7,0.7,53,1,-1,-1,2,*2D/H,mauerjo01,0.441,175,0.373,0.222,4.6,10.4,12.5,20.9,48.6,28.8,0.95,18.5,57.0,24.5,3.8,56.18
4,5,Chone Figgins,31,LAA,AL,158,729,615,114,183,141,30,7,5,54,42,17,101,114,0.298,0.395,0.393,0.789,110,242,8,1,8,4,0,7.7,5.3,4.8,3.3,18,0,3,3,29,*5/4D7,figgich01,0.369,120,0.356,0.096,0.7,15.6,13.9,21.2,39.2,29.8,0.7,21.1,58.7,20.3,2.7,22.31
5,6,Hanley Ramírez,25,FLA,NL,151,652,576,101,197,130,42,1,24,106,27,8,61,101,0.342,0.41,0.543,0.954,148,313,9,9,1,5,14,7.3,5.4,7.1,1.0,39,2,3,6,2,*6/H,ramirha01,0.421,154,0.379,0.201,3.7,15.5,9.4,22.5,38.9,28.5,0.64,24.3,58.0,17.7,3.5,48.31
6,7,Ryan Zimmerman,24,WSN,NL,157,694,610,110,178,105,37,3,33,106,2,0,72,119,0.292,0.364,0.525,0.888,133,320,22,2,0,9,9,7.3,5.3,5.0,2.6,27,-2,2,0,22,*5/HD,zimmery01,0.388,134,0.31,0.233,4.8,17.1,10.4,21.8,39.2,31.0,0.65,21.5,61.4,17.1,2.9,28.15
7,8,Evan Longoria,23,TBR,AL,157,671,584,100,164,87,44,0,33,113,9,0,72,140,0.281,0.364,0.526,0.889,133,307,27,8,0,7,11,7.0,4.7,5.2,2.3,26,-5,4,-1,19,*5/DH,longoev01,0.386,132,0.313,0.245,4.9,20.9,10.7,20.6,38.8,35.3,0.64,31.0,55.2,13.7,1.9,25.7
8,9,Adrián González,27,SDP,NL,160,681,552,90,153,84,27,2,40,99,1,1,119,109,0.277,0.407,0.551,0.958,162,304,23,5,1,4,22,6.9,4.9,5.4,0.6,48,-2,-4,-6,15,*3/HD,gonzaad01,0.412,164,0.278,0.274,5.9,16.0,17.5,22.3,38.6,33.7,0.63,22.5,58.0,19.4,3.9,44.06
9,10,Franklin Gutierrez,26,SEA,AL,153,629,565,85,160,117,24,1,18,70,16,5,46,122,0.283,0.339,0.425,0.764,105,240,14,3,13,2,3,6.6,4.3,3.4,3.7,6,0,1,1,32,*8,gutiefr01,0.346,109,0.333,0.142,2.9,19.4,7.3,19.2,43.7,28.2,0.84,25.3,58.5,16.2,3.2,9.49
10,11,Derek Jeter,35,NYY,AL,153,716,634,107,212,166,27,1,18,66,30,5,72,90,0.334,0.406,0.465,0.871,125,295,18,5,4,1,4,6.6,4.3,6.3,1.1,27,1,4,5,3,*6/DH,jeterde01,0.398,132,0.368,0.131,2.5,12.6,10.1,21.1,56.8,20.0,1.36,15.3,63.0,21.7,1.4,20.38
11,12,Kevin Youkilis,30,BOS,AL,136,588,491,99,150,86,36,1,27,94,7,2,77,125,0.305,0.413,0.548,0.961,146,269,9,16,0,4,6,6.6,4.5,5.6,0.8,35,1,1,3,10,35/7H,youklke01,0.42,151,0.359,0.242,4.6,21.3,13.1,21.4,34.6,40.0,0.53,31.4,53.5,15.1,2.6,43.59
12,13,Troy Tulowitzki,24,COL,NL,151,628,543,101,161,95,25,9,32,92,20,11,73,112,0.297,0.377,0.552,0.93,131,300,20,3,0,9,4,6.5,4.6,5.2,2.1,25,-2,2,0,13,*6,tulowtr01,0.404,135,0.316,0.256,5.1,17.8,11.6,16.6,42.3,32.0,0.75,27.1,58.1,14.8,0.6,20.37
13,14,Prince Fielder,25,MIL,NL,162,719,591,103,177,93,35,3,46,141,2,3,110,138,0.299,0.412,0.602,1.014,166,356,14,9,0,9,21,6.3,4.2,6.3,-1.0,56,1,-5,-5,0,*3,fieldpr01,0.432,170,0.315,0.303,6.4,19.2,15.3,19.7,41.3,32.9,0.7,23.4,59.1,17.5,8.0,70.74
14,15,Ryan Braun,25,MIL,NL,158,708,635,113,203,126,39,6,32,114,20,6,57,121,0.32,0.386,0.551,0.937,146,350,6,13,0,3,1,6.2,4.1,6.6,-1.1,44,3,4,7,-4,*7/H,braunry02,0.418,155,0.353,0.231,4.5,17.1,8.1,20.7,47.4,22.6,0.9,29.8,55.3,14.9,4.4,51.65
15,16,Jason Bartlett,29,TBR,AL,137,567,500,90,160,110,29,7,14,66,30,7,54,89,0.32,0.389,0.49,0.879,132,245,5,5,4,4,2,6.2,4.1,5.7,1.2,25,0,5,5,5,*6/D,bartlja01,0.396,137,0.364,0.17,2.5,15.7,9.5,27.4,33.9,28.9,0.53,32.9,53.5,13.6,2.2,29.68
16,17,Ian Kinsler,27,TEX,AL,144,640,566,101,143,76,32,4,31,86,31,5,59,77,0.253,0.327,0.488,0.814,107,276,9,6,3,6,0,6.0,3.8,3.8,2.7,7,1,4,4,22,*4,kinslia01,0.367,110,0.241,0.235,4.8,12.0,9.2,17.7,29.9,36.9,0.44,33.7,50.8,15.5,1.1,24.24
17,18,Aaron Hill,27,TOR,AL,158,734,682,103,195,122,37,0,36,108,6,2,42,98,0.286,0.33,0.499,0.829,114,340,17,5,1,4,1,5.8,3.4,4.5,1.8,16,1,0,1,13,*4/DH,hillaa01,0.367,118,0.288,0.213,4.9,13.4,5.7,21.4,39.0,30.1,0.64,30.1,58.2,11.7,2.1,25.97
18,19,Dustin Pedroia,25,BOS,AL,154,714,626,115,185,121,48,1,15,72,20,8,74,45,0.296,0.371,0.447,0.819,110,280,19,5,3,6,3,5.6,3.3,4.3,1.9,15,-2,2,0,14,*4,pedrodu01,0.373,117,0.297,0.152,2.1,6.3,10.4,18.1,40.2,35.3,0.68,29.3,52.0,18.6,-0.3,10.31
19,20,Shin-Soo Choo,26,CLE,AL,156,685,583,87,175,111,38,6,20,86,21,2,78,151,0.3,0.394,0.489,0.883,136,285,9,17,0,7,5,5.5,3.2,5.3,-0.4,32,1,3,4,2,*97D/H8,choosh01,0.394,139,0.37,0.189,2.9,22.0,11.4,21.4,43.5,30.8,0.78,26.0,55.4,18.7,2.1,30.15
20,21,Derrek Lee,33,CHC,NL,141,615,532,91,163,90,36,2,35,111,1,0,76,109,0.306,0.393,0.579,0.972,146,308,12,3,0,4,6,5.4,3.6,5.1,-0.6,42,-1,-1,-1,3,*3/D,leede02,0.435,161,0.327,0.273,5.7,17.7,12.4,17.8,36.3,40.7,0.57,26.7,56.4,16.9,3.7,55.3
21,22,Marco Scutaro,33,TOR,AL,144,680,574,100,162,114,35,1,12,60,14,5,90,75,0.282,0.379,0.409,0.789,108,235,12,4,5,7,0,5.4,3.2,4.2,2.0,10,0,1,2,12,*6/4D,scutama01,0.36,113,0.304,0.127,1.8,11.0,13.2,21.3,35.8,32.9,0.58,24.3,56.0,19.8,0.7,13.99
22,23,Matt Holliday,29,OAKSTL,ALNL,156,670,581,94,182,116,39,3,24,109,14,7,72,101,0.313,0.394,0.515,0.909,140,299,13,10,0,7,8,5.3,3.1,5.0,-0.3,34,0,0,-1,3,*7/H,hollima01,0.399,144,0.341,0.201,3.6,15.1,10.7,19.1,44.4,26.9,0.8,25.1,54.7,20.2,3.2,40.95
23,24,Mark Teixeira,29,NYY,AL,156,707,609,103,178,93,43,3,39,122,2,0,81,114,0.292,0.383,0.565,0.948,141,344,13,12,0,5,9,5.3,2.9,5.1,-0.6,35,1,0,1,2,*3/DH,teixema01,0.406,142,0.302,0.273,5.5,16.1,11.5,19.4,36.8,34.6,0.58,38.6,51.0,10.4,3.5,41.75
24,25,Torii Hunter,33,LAA,AL,119,506,451,74,135,86,26,1,22,90,18,4,47,92,0.299,0.366,0.508,0.873,128,229,9,3,0,5,4,5.3,3.5,4.1,1.5,15,1,3,5,12,*8/DH,hunteto01,0.38,126,0.33,0.208,4.3,18.2,9.3,19.0,46.4,25.8,0.88,26.6,63.2,10.2,1.8,25.38
25,26,Scott Rolen,34,CINTOR,ALNL,128,535,475,76,145,97,36,1,11,67,5,4,45,62,0.305,0.368,0.455,0.823,116,216,4,7,0,8,1,5.2,3.4,3.5,2.0,12,1,1,2,17,*5/H,rolensc01,0.367,119,0.327,0.149,2.1,11.6,8.4,23.3,37.5,30.4,0.6,27.1,57.2,15.7,2.1,16.23
26,27,Jason Bay,30,BOS,AL,151,638,531,103,142,74,29,3,36,119,13,3,94,162,0.267,0.384,0.537,0.921,134,285,9,9,0,4,4,5.2,3.0,5.1,-0.3,31,0,2,2,2,*7/D,bayja01,0.406,140,0.315,0.269,5.6,25.4,14.7,17.7,34.6,37.0,0.53,35.9,51.5,12.6,4.5,47.39
27,28,Miguel Cabrera,26,DET,AL,160,685,611,96,198,130,34,0,34,103,6,2,68,107,0.324,0.396,0.547,0.942,144,334,22,5,0,1,14,5.1,2.7,5.2,-0.9,40,-2,-2,-4,-1,*3/DH,cabremi01,0.412,150,0.348,0.223,5.0,15.6,9.9,23.4,44.0,24.2,0.78,27.3,53.5,19.2,1.5,28.84
28,29,Carl Crawford,27,TBR,AL,156,672,606,96,185,134,28,8,15,68,60,16,51,99,0.305,0.364,0.452,0.816,116,274,7,8,2,5,1,5.0,2.7,3.9,0.7,13,3,3,6,12,*7/HD,crawfca02,0.37,117,0.342,0.147,2.2,14.7,7.6,20.4,51.9,22.4,1.1,18.5,56.8,24.7,0.4,15.44
29,30,Michael Bourn,26,HOU,NL,157,678,606,97,173,131,27,12,3,35,61,12,63,140,0.285,0.354,0.384,0.738,97,233,1,2,5,2,1,5.0,2.9,3.8,1.5,0,4,10,15,11,*8/H,bournmi01,0.352,100,0.366,0.099,0.4,20.6,9.3,17.1,53.5,19.2,1.39,18.8,59.2,22.0,1.2,13.24
30,31,Matt Kemp,24,LAD,NL,159,667,606,97,180,122,25,7,26,101,34,8,52,139,0.297,0.352,0.49,0.842,125,297,14,3,0,6,6,4.9,2.8,5.2,0.0,25,1,3,4,-3,*8/9H,kempma01,0.386,133,0.345,0.193,3.9,20.8,7.8,22.2,41.0,31.7,0.71,29.6,56.9,13.5,2.5,33.03
31,32,Joey Votto,25,CIN,NL,131,544,469,82,151,87,38,1,25,84,4,1,70,106,0.322,0.414,0.567,0.981,156,266,8,4,0,1,10,4.8,3.2,5.0,-1.0,40,0,1,1,-2,*3/H,vottojo01,0.431,165,0.372,0.245,4.6,19.5,12.9,24.7,39.0,33.0,0.64,21.8,60.9,17.4,6.1,51.19
32,33,Ichiro Suzuki,35,SEA,AL,146,678,639,88,225,179,31,4,11,46,26,9,32,71,0.352,0.386,0.465,0.851,129,297,1,4,2,1,15,4.7,2.5,4.4,-0.2,21,5,1,6,3,*9/D,suzukic01,0.371,127,0.384,0.113,1.6,10.5,4.7,18.9,54.6,19.8,1.25,21.0,61.6,17.3,3.7,22.92
33,34,Casey Blake,35,LAD,NL,139,565,485,84,136,87,25,6,18,79,3,4,63,116,0.28,0.363,0.468,0.832,123,227,12,6,1,10,8,4.6,2.9,3.7,1.2,17,1,0,1,9,*5/H37,blakeca01,0.369,127,0.327,0.188,3.2,20.5,11.2,23.2,41.3,30.8,0.71,26.3,54.7,18.9,2.6,17.13
34,35,Jayson Werth,30,PHI,NL,159,676,571,98,153,90,26,1,36,99,20,3,91,156,0.268,0.373,0.506,0.879,129,289,11,8,0,6,8,4.5,2.4,4.3,-0.4,25,1,3,3,2,*98/H7,werthja01,0.394,133,0.304,0.238,5.3,23.1,13.5,19.7,36.8,37.3,0.58,26.1,57.7,16.2,1.6,31.08
35,36,Robinson Canó,26,NYY,AL,161,674,637,103,204,129,48,2,25,85,5,7,30,63,0.32,0.352,0.52,0.871,121,331,22,3,0,4,2,4.5,2.1,4.5,0.5,19,-1,-2,-3,0,*4/H,canoro01,0.378,124,0.324,0.199,3.7,9.3,4.5,21.6,47.2,26.1,0.9,19.9,60.2,19.9,-1.5,-7.62
36,37,J.D. Drew,33,BOS,AL,137,539,452,84,126,68,30,4,24,68,2,6,82,109,0.279,0.392,0.522,0.914,134,236,6,3,1,1,5,4.4,2.5,3.7,0.3,23,2,-3,-1,7,*9/HD,drewj.01,0.393,136,0.319,0.243,4.5,20.2,15.2,20.6,38.6,33.9,0.63,33.6,53.0,13.3,0.7,16.59
37,38,Curtis Granderson,28,DET,AL,160,710,631,91,157,96,23,8,30,71,20,6,72,141,0.249,0.327,0.453,0.78,102,286,1,2,3,2,4,4.4,1.9,3.3,1.6,-2,4,2,6,11,*8/H,grandcu01,0.341,97,0.275,0.204,4.2,19.9,10.1,21.2,30.5,34.3,0.45,37.8,46.9,15.4,0.3,-3.05
38,39,Kendrys Morales,26,LAA,AL,152,622,566,86,173,94,43,2,34,108,3,7,46,117,0.306,0.355,0.569,0.924,139,322,15,2,0,8,10,4.3,2.1,3.6,0.1,26,-2,-4,-6,8,*3/H,moralke01,0.385,136,0.329,0.263,5.5,18.8,7.4,15.8,42.5,36.5,0.74,25.6,59.1,15.3,2.8,31.72
39,40,Pablo Sandoval,22,SFG,NL,153,633,572,79,189,115,44,5,25,90,5,5,52,83,0.33,0.387,0.556,0.943,144,318,10,4,0,5,13,4.3,2.4,5.6,-1.2,36,1,-1,0,-12,*53/H2D,sandopa01,0.412,151,0.35,0.226,3.9,13.1,8.2,19.0,44.1,28.5,0.81,20.4,60.7,18.8,4.2,35.27
40,41,Yunel Escobar,26,ATL,NL,141,604,528,89,158,116,26,2,14,76,5,4,57,62,0.299,0.377,0.436,0.812,115,230,21,10,7,2,3,4.3,2.4,3.5,1.4,15,-2,-2,-4,7,*6/H,escobyu01,0.368,121,0.317,0.136,2.3,10.3,9.4,18.1,49.7,26.5,1.04,21.3,57.9,20.8,2.1,20.16
41,42,Asdrúbal Cabrera,23,CLE,AL,131,581,523,81,161,109,42,4,6,68,17,4,44,89,0.308,0.361,0.438,0.799,114,229,13,1,10,3,1,4.2,2.3,4.7,0.3,17,0,4,4,-4,64/H,cabreas01,0.371,124,0.36,0.13,1.0,15.3,7.6,20.4,46.8,25.5,0.96,26.6,58.4,15.0,2.1,27.03
42,43,Johnny Damon,35,NYY,AL,143,626,550,107,155,92,36,3,24,82,12,0,71,98,0.282,0.365,0.489,0.854,118,269,9,2,2,1,1,4.2,2.0,4.1,-0.4,17,2,5,7,1,*7/HD,damonjo01,0.384,123,0.305,0.207,3.8,15.7,11.3,18.5,40.7,31.4,0.7,35.2,48.4,16.5,3.7,24.55
43,44,Álex Rodríguez,33,NYY,AL,124,535,444,78,127,79,17,1,30,100,14,2,80,97,0.286,0.402,0.532,0.933,138,236,13,8,0,3,7,4.2,2.3,4.7,-0.3,26,-1,2,0,-5,*5/DH,rodrial01,0.409,141,0.303,0.245,5.6,18.1,15.0,20.0,43.1,31.1,0.76,31.4,56.0,12.6,3.7,23.94
44,45,Orlando Hudson,31,LAD,NL,149,631,551,74,156,106,35,6,9,62,8,1,62,99,0.283,0.357,0.417,0.774,109,230,16,4,9,5,4,4.1,2.2,3.5,1.0,8,2,3,4,6,*4/H,hudsoor01,0.352,111,0.328,0.134,1.4,15.7,9.8,17.4,54.9,20.6,1.33,22.7,59.9,17.4,0.1,14.87
45,46,Justin Upton,21,ARI,NL,138,588,526,84,158,95,30,7,26,86,20,5,55,137,0.3,0.366,0.532,0.899,129,280,10,2,1,4,3,4.0,2.2,3.6,-0.2,19,1,3,4,4,*9/HD,uptonju01,0.393,129,0.36,0.232,4.4,23.3,9.4,17.3,44.9,28.7,0.84,21.7,62.4,15.9,2.3,28.78
46,47,Hunter Pence,26,HOU,NL,159,647,585,76,165,109,26,5,25,72,14,11,58,109,0.282,0.346,0.472,0.818,116,276,25,1,0,3,1,4.0,2.0,2.2,1.1,12,-3,1,-3,17,*9/H,pencehu01,0.358,116,0.308,0.19,3.9,16.8,9.0,13.6,53.0,26.7,1.13,19.2,64.7,16.1,0.6,-1.84
47,48,Adam Lind,25,TOR,AL,151,654,587,93,179,98,46,0,35,114,1,1,58,110,0.305,0.37,0.562,0.932,141,330,15,5,0,4,7,3.9,1.7,4.6,-1.6,34,-1,0,-1,-6,D7/H,lindad01,0.401,143,0.323,0.257,5.4,16.8,8.9,21.4,43.2,31.2,0.76,25.4,56.1,18.5,2.7,39.02
48,49,Denard Span,25,MIN,AL,145,676,578,97,180,146,16,10,8,68,23,10,70,89,0.311,0.392,0.415,0.807,115,240,7,10,12,6,3,3.8,1.6,3.7,-0.1,15,2,1,3,1,*879/H,spande01,0.365,119,0.353,0.104,1.2,13.2,10.4,15.8,50.1,23.9,1.12,21.5,61.3,17.2,0.1,20.25
49,50,Juan Rivera,30,LAA,AL,138,572,529,72,152,102,24,1,25,88,0,1,36,57,0.287,0.332,0.478,0.81,111,253,19,2,0,5,1,3.8,1.8,2.2,1.1,11,-2,-2,-4,16,*7D/9,riverju01,0.361,116,0.281,0.191,4.4,10.0,6.3,16.6,44.4,29.8,0.8,26.5,60.3,13.2,0.8,6.93
50,51,Ryan Howard,29,PHI,NL,160,703,616,105,172,86,37,4,45,141,8,1,75,186,0.279,0.36,0.571,0.931,141,352,11,6,0,6,8,3.8,1.7,4.2,-1.4,33,0,-2,-2,-4,*3/DH,howarry01,0.402,142,0.325,0.292,6.4,26.5,10.7,22.7,36.7,38.5,0.58,32.4,55.9,11.7,6.4,46.85
51,52,Shane Victorino,28,PHI,NL,156,694,620,102,181,119,39,13,10,62,25,8,60,71,0.292,0.358,0.445,0.803,110,276,5,6,4,4,1,3.7,1.7,3.8,0.2,12,2,1,3,-1,*8/H,victosh01,0.366,115,0.315,0.153,1.4,10.2,8.6,19.9,44.7,22.8,0.84,29.8,59.6,10.6,2.5,23.85
52,53,Elvis Andrus,20,TEX,AL,145,541,480,72,128,97,17,8,6,40,33,6,40,77,0.267,0.329,0.373,0.702,82,179,4,6,12,3,0,3.6,1.7,2.1,2.3,-12,3,3,6,15,*6/H,andruel01,0.329,80,0.305,0.106,1.1,14.2,7.4,21.3,52.4,16.7,1.27,23.2,59.8,17.0,-0.7,-4.44
53,54,Victor Martinez,30,BOSCLE,AL,155,672,588,88,178,121,33,1,23,108,1,0,75,74,0.303,0.381,0.48,0.861,127,282,17,3,0,6,3,3.6,1.2,5.0,-1.1,24,0,0,0,-14,23/HD,martivi01,0.381,130,0.312,0.177,3.4,11.0,11.2,21.0,44.8,28.7,0.81,31.0,54.8,14.2,3.3,24.67
54,55,Lance Berkman,33,HOU,NL,136,563,460,73,126,69,31,1,25,80,7,4,97,98,0.274,0.399,0.509,0.907,140,234,13,1,0,4,14,3.5,1.8,3.4,-0.7,26,0,-1,-2,1,*3/H,berkmla01,0.395,142,0.296,0.235,4.4,17.4,17.2,17.8,43.7,33.1,0.78,22.7,54.4,23.0,2.1,31.26
55,56,Justin Morneau,28,MIN,AL,135,590,508,85,139,77,31,1,30,100,0,0,72,86,0.274,0.363,0.516,0.878,130,262,12,3,0,7,12,3.5,1.4,3.3,-0.5,18,1,1,2,2,*3D,morneju01,0.373,125,0.273,0.242,5.1,14.6,12.2,15.2,41.7,34.0,0.72,27.5,56.9,15.6,1.2,24.44
56,57,Jason Kubel,27,MIN,AL,146,578,514,73,154,89,35,2,28,103,1,1,56,106,0.3,0.369,0.539,0.907,137,277,13,3,0,5,9,3.5,1.4,3.3,-0.7,24,-1,-2,-3,2,D97H,kubelja01,0.387,136,0.327,0.239,4.8,18.3,9.7,17.9,39.0,35.8,0.64,27.8,59.8,12.3,2.4,29.16
57,58,Erick Aybar,25,LAA,AL,137,556,504,70,157,120,23,9,5,58,14,7,30,54,0.312,0.353,0.423,0.776,104,213,9,5,12,5,1,3.4,1.5,3.4,0.9,2,1,3,4,1,*6/H,aybarer01,0.343,102,0.338,0.111,0.9,9.7,5.4,15.4,42.0,25.1,0.87,27.8,56.3,15.8,-0.7,-2.63
58,59,Rafael Furcal,31,LAD,NL,150,680,613,92,165,123,28,5,9,47,12,6,61,89,0.269,0.335,0.375,0.711,92,230,11,1,3,2,2,3.4,1.4,2.7,1.5,-4,1,3,4,7,*6/H,furcara02,0.327,95,0.302,0.106,1.3,13.1,9.0,16.8,50.9,20.6,1.16,25.1,57.7,17.2,0.2,-0.72
59,60,Kurt Suzuki,25,OAK,AL,147,614,570,74,156,103,37,1,15,88,8,2,28,59,0.274,0.313,0.421,0.734,93,240,14,8,1,7,0,3.4,1.2,2.9,1.5,-4,-1,2,1,6,*2D/H,suzukku01,0.333,95,0.28,0.147,2.4,9.6,4.6,19.3,44.7,28.1,0.82,24.5,58.8,16.8,-1.2,2.33
60,61,Nate McLouth,27,ATLPIT,NL,129,591,507,86,130,81,27,2,20,70,19,6,68,99,0.256,0.352,0.436,0.788,108,221,8,9,3,4,1,3.4,1.7,2.9,0.8,7,0,2,3,5,*8/H,mclouna01,0.357,110,0.281,0.179,3.4,16.8,11.5,14.7,40.5,33.5,0.71,34.7,53.0,12.3,0.4,9.65
61,62,Todd Helton,35,COL,NL,151,645,544,79,177,121,38,3,15,86,0,1,89,73,0.325,0.416,0.489,0.904,128,266,15,2,0,10,5,3.3,1.3,3.1,-0.7,26,-2,-4,-6,2,*3/H,heltoto01,0.405,135,0.348,0.164,2.3,11.3,13.8,25.8,39.9,28.9,0.66,23.1,59.7,17.3,2.6,32.97
62,63,Mark Reynolds,25,ARI,NL,155,662,578,98,150,75,30,1,44,102,24,9,76,223,0.26,0.349,0.543,0.892,127,314,8,5,0,3,3,3.3,1.3,4.4,-1.1,25,0,-2,-2,-11,*53/H,reynoma01,0.396,133,0.338,0.284,6.6,33.7,11.5,19.6,34.9,37.4,0.54,31.9,53.4,14.7,3.1,28.23
63,64,Felipe López,29,ARIMIL,NL,151,680,604,88,187,137,38,3,9,57,6,6,71,100,0.31,0.383,0.427,0.81,112,258,5,2,1,2,4,3.3,1.3,3.6,0.1,14,1,-3,-2,-3,*4/HD,lopezfe01,0.368,119,0.358,0.118,1.3,14.7,10.4,21.9,52.1,23.3,1.09,22.6,60.4,17.0,0.4,22.1
64,65,Brian McCann,25,ATL,NL,138,551,488,63,137,80,35,1,21,94,4,1,49,83,0.281,0.349,0.486,0.834,119,237,17,5,3,6,3,3.2,1.5,3.7,0.3,15,-2,-1,-3,-5,*2H/D,mccanbr01,0.376,125,0.297,0.205,3.8,15.1,8.9,18.8,37.9,33.6,0.63,38.4,45.7,15.9,1.3,30.78
65,66,David Wright,26,NYM,NL,144,618,535,88,164,112,39,3,10,72,27,9,74,140,0.307,0.39,0.447,0.837,124,239,16,3,0,6,8,3.2,1.3,4.6,-1.2,20,-1,6,5,-14,*5/H,wrighda03,0.38,129,0.394,0.14,1.6,22.7,12.0,25.7,40.1,28.2,0.67,23.6,53.1,23.3,3.4,33.51
66,67,Bobby Abreu,35,LAA,AL,152,667,563,96,165,118,29,3,15,103,30,8,94,113,0.293,0.39,0.435,0.825,118,245,15,1,0,9,7,3.2,0.9,3.3,-0.7,16,-2,1,-1,-1,*9D7/H,abreubo01,0.373,121,0.338,0.142,2.2,16.9,14.1,19.0,48.4,29.6,0.94,18.7,59.5,21.8,2.9,34.84
67,68,Yadier Molina,26,STL,NL,140,544,481,45,141,111,23,1,6,54,9,3,50,39,0.293,0.366,0.383,0.749,100,184,27,6,6,1,2,3.2,1.5,2.1,1.9,3,-3,-3,-6,10,*2/3H,molinya01,0.346,104,0.309,0.089,1.1,7.2,9.2,20.9,50.8,22.7,1.06,18.7,61.5,19.8,-0.5,-4.12
68,69,Carlos Peña,31,TBR,AL,135,570,471,91,107,41,25,2,39,100,3,3,87,163,0.227,0.356,0.537,0.893,133,253,5,9,0,3,11,3.1,1.1,3.5,-0.9,20,1,0,1,-3,*3/H,penaca01,0.378,130,0.25,0.31,6.8,28.6,15.3,20.9,28.3,36.3,0.41,42.8,46.0,11.3,1.9,22.77
69,70,Mike Cameron,36,MIL,NL,149,628,544,78,136,77,32,3,24,70,7,3,75,156,0.25,0.342,0.452,0.795,110,246,12,4,0,5,3,3.0,1.1,2.9,0.4,7,0,0,0,1,*8/H,camermi01,0.353,110,0.304,0.202,3.8,24.8,11.9,16.8,36.1,38.7,0.57,33.1,51.4,15.5,-0.7,5.21
70,71,Andre Ethier,27,LAD,NL,160,685,596,92,162,86,42,3,31,106,6,4,72,116,0.272,0.361,0.508,0.869,132,303,19,13,0,4,10,3.0,0.9,3.9,-1.5,26,-1,-1,-2,-8,*9/H,ethiean01,0.379,134,0.289,0.237,4.5,16.9,10.5,21.1,38.4,34.9,0.62,24.8,58.3,16.9,4.8,26.81
71,72,Ryan Sweeney,24,OAK,AL,134,534,484,68,142,102,31,3,6,53,6,5,40,67,0.293,0.348,0.407,0.755,100,197,14,3,2,5,1,3.0,1.1,2.1,0.7,4,-1,0,-1,9,*98/7H,sweenry01,0.346,107,0.327,0.114,1.1,12.5,7.5,23.6,46.0,22.6,0.86,18.6,56.1,25.2,-0.8,-3.94
72,73,Martín Prado,25,ATL,NL,128,503,450,64,138,89,38,0,11,49,1,3,36,59,0.307,0.358,0.464,0.822,117,209,17,2,11,4,1,3.0,1.4,2.5,0.6,13,-2,-2,-4,5,453H/9D,pradoma01,0.369,123,0.331,0.158,2.2,11.7,7.2,20.0,42.4,28.1,0.77,23.7,56.3,20.0,0.8,8.86
73,74,Stephen Drew,26,ARI,NL,135,595,533,71,139,86,29,12,12,65,5,1,49,87,0.261,0.32,0.428,0.748,92,228,4,1,5,7,7,3.0,1.2,2.0,1.6,-6,1,1,2,9,*6/HD,drewst01,0.338,91,0.288,0.167,2.0,14.6,8.2,19.7,37.6,33.8,0.62,22.9,58.5,18.6,0.7,5.44
74,75,Brian Roberts,31,BAL,AL,159,717,632,110,179,106,56,1,16,79,30,7,74,112,0.283,0.356,0.451,0.807,110,285,7,2,1,8,3,3.0,0.6,3.8,-0.3,8,0,0,0,-8,*4/H,roberbr01,0.361,110,0.318,0.168,2.2,15.6,10.3,22.3,36.7,34.6,0.59,29.1,49.1,21.7,2.3,17.06
75,76,Nick Markakis,25,BAL,AL,161,711,642,94,188,123,45,2,18,101,6,2,56,98,0.293,0.347,0.453,0.801,108,291,12,3,0,10,0,2.9,0.5,3.2,-0.8,9,1,3,4,-3,*9,markani01,0.359,111,0.317,0.16,2.5,13.8,7.9,17.7,43.5,31.2,0.77,24.5,54.0,21.6,0.1,10.89
76,77,Raúl Ibañez,37,PHI,NL,134,565,500,93,136,67,32,3,34,93,4,0,56,119,0.272,0.347,0.552,0.899,132,276,16,4,0,5,8,2.9,1.2,3.1,-0.8,22,-2,-1,-3,-2,*7/HD,ibanera01,0.393,135,0.29,0.28,6.0,21.1,9.9,18.4,42.5,33.4,0.74,26.7,58.3,15.0,3.6,29.21
77,78,Brandon Inge,32,DET,AL,161,637,562,71,129,85,16,1,27,84,2,5,54,170,0.23,0.314,0.406,0.72,87,228,12,17,1,3,1,2.8,0.6,1.6,1.6,-8,0,-2,-2,12,*5,ingebr01,0.324,89,0.277,0.176,4.2,26.7,8.5,17.2,40.9,32.3,0.7,32.8,52.5,14.6,0.8,-7.42
78,79,Michael Young,32,TEX,AL,135,593,541,76,174,114,36,2,22,68,8,3,47,90,0.322,0.374,0.518,0.892,128,280,16,1,0,4,2,2.8,0.8,4.3,-1.2,24,-1,-3,-4,-15,*5/D,youngmi02,0.394,134,0.351,0.196,3.7,15.2,7.9,24.4,45.9,26.8,0.85,15.4,61.3,23.3,1.6,13.27
79,80,Brandon Phillips,28,CIN,NL,153,644,584,78,161,106,30,5,20,98,25,9,44,75,0.276,0.329,0.447,0.776,103,261,21,6,2,8,3,2.8,0.8,2.6,0.6,1,-2,3,2,2,*4/H,phillbr01,0.347,102,0.284,0.171,3.1,11.6,6.8,17.3,49.9,26.8,1.01,24.7,54.7,20.6,-0.1,11.88
80,81,Michael Cuddyer,30,MIN,AL,153,650,588,93,162,89,34,7,32,94,6,1,54,118,0.276,0.342,0.52,0.862,125,306,22,6,0,2,3,2.8,0.5,3.5,-1.3,20,-1,-2,-3,-7,*93/8DH4,cuddymi01,0.376,126,0.295,0.245,4.9,18.2,8.3,14.6,44.9,30.5,0.82,30.3,55.5,14.2,0.7,6.96
81,82,Jacoby Ellsbury,25,BOS,AL,153,693,624,94,188,143,27,10,8,60,70,12,49,74,0.301,0.355,0.415,0.77,98,259,13,6,6,6,3,2.8,0.5,3.3,-0.1,0,0,6,6,-5,*8/H,ellsbja01,0.362,100,0.328,0.114,1.2,10.7,7.1,18.5,48.8,24.4,1.02,24.7,56.2,19.0,-0.4,7.23
82,83,Nyjer Morgan,28,PITWSN,NL,120,533,469,74,144,119,15,7,3,39,42,17,40,74,0.307,0.369,0.388,0.757,102,182,9,9,10,5,2,2.7,1.2,1.7,0.9,4,0,-2,-1,10,*78/H,morgany01,0.352,107,0.355,0.081,0.6,13.9,7.5,17.8,50.0,20.2,1.23,16.8,63.7,19.5,0.3,0.13
83,84,Hideki Matsui,35,NYY,AL,142,528,456,62,125,75,21,1,28,90,0,1,64,75,0.274,0.367,0.509,0.876,123,232,4,4,0,2,1,2.7,0.8,2.7,-1.0,16,3,0,2,0,*DH,matsuhi01,0.383,126,0.273,0.235,5.3,14.2,12.1,20.4,38.9,31.9,0.64,30.0,54.6,15.4,1.4,23.47
84,85,Adam Jones,23,BAL,AL,119,519,473,83,131,87,22,3,19,70,10,4,36,93,0.277,0.335,0.457,0.792,105,216,13,7,0,3,3,2.6,0.8,2.5,0.5,2,0,1,1,2,*8/H,jonesad01,0.347,103,0.308,0.18,3.7,17.9,6.9,18.8,55.1,21.9,1.24,27.4,56.7,15.9,0.9,5.56
85,86,Russell Branyan,33,SEA,AL,116,505,431,64,108,55,21,1,31,76,2,0,58,149,0.251,0.347,0.52,0.867,130,224,6,9,1,6,6,2.6,0.8,2.6,-0.6,14,1,-1,0,0,*3,branyru01,0.367,124,0.3,0.269,6.1,29.5,11.5,18.7,33.2,37.7,0.51,34.9,47.8,17.3,0.8,13.82
86,87,Josh Willingham,30,WSN,NL,133,502,427,70,111,58,29,0,24,61,4,3,61,104,0.26,0.367,0.496,0.863,127,212,11,12,0,2,2,2.5,1.0,2.9,-1.0,21,0,-1,-1,-4,*79H/3,willijo03,0.389,136,0.289,0.237,4.8,20.7,12.2,22.8,36.9,32.9,0.59,34.1,54.2,11.8,-0.3,9.76
87,88,Alberto Callaspo,26,KCR,AL,155,634,576,79,173,113,41,8,11,73,2,1,52,51,0.3,0.356,0.457,0.813,115,263,15,1,0,5,4,2.5,0.2,3.9,-0.9,12,-1,-1,-1,-14,*45/H6,callaal01,0.36,116,0.312,0.156,1.7,8.0,8.2,17.9,41.7,36.0,0.72,25.7,58.5,15.8,0.5,13.61
88,89,Plácido Polanco,33,DET,AL,153,676,618,82,176,131,31,4,10,72,7,2,36,46,0.285,0.331,0.396,0.727,90,245,15,9,7,5,2,2.5,0.1,2.0,1.0,-6,-2,0,-2,5,*4/H,polanpl01,0.333,92,0.293,0.112,1.5,6.8,5.3,22.3,42.6,27.4,0.77,26.4,58.4,15.2,1.0,4.79
89,90,Russell Martin,26,LAD,NL,143,588,505,63,126,100,19,0,7,53,11,6,69,80,0.25,0.352,0.329,0.68,86,166,18,11,2,1,9,2.4,0.6,1.7,1.6,-6,-2,-1,-3,7,*2/HD5,martiru01,0.321,91,0.284,0.079,1.2,13.6,11.7,19.2,49.5,22.7,1.0,26.4,56.8,16.8,-2.6,-13.24
90,91,Alexei Ramírez,27,CHW,AL,148,606,542,71,150,120,14,1,15,68,14,5,49,66,0.277,0.333,0.389,0.723,86,211,15,1,6,8,3,2.4,0.2,2.2,1.0,-10,1,1,2,2,*6,ramiral03,0.331,87,0.288,0.113,2.5,10.9,8.1,15.9,44.9,26.3,0.86,30.6,55.5,13.9,-0.2,-9.42
91,92,Andy LaRoche,25,PIT,NL,150,590,524,64,135,89,29,5,12,64,3,1,50,84,0.258,0.33,0.401,0.731,94,210,16,8,6,2,1,2.4,0.6,1.6,1.0,-5,1,1,1,7,*5/H,larocan01,0.329,92,0.286,0.143,2.0,14.2,8.5,15.8,48.0,26.1,0.95,25.9,58.0,16.1,-0.3,-3.31
92,93,Cody Ross,28,FLA,NL,151,604,559,73,151,89,37,1,24,90,5,2,34,122,0.27,0.321,0.469,0.79,104,262,18,9,0,2,1,2.4,0.5,1.8,0.5,3,-1,0,-2,5,*89/1H,rossco01,0.35,104,0.306,0.199,4.0,20.2,5.6,20.0,34.2,34.4,0.52,26.4,59.0,14.6,0.7,8.09
93,94,Chipper Jones,37,ATL,NL,143,596,488,80,129,86,23,2,18,71,4,1,101,89,0.264,0.388,0.43,0.818,117,210,14,1,0,6,18,2.3,0.5,2.9,-0.4,10,1,-1,-1,-6,*5/HD,jonesch06,0.362,116,0.287,0.166,3.0,14.9,16.9,18.5,44.9,32.8,0.82,23.7,56.5,19.8,2.2,24.24
94,95,Billy Butler,23,KCR,AL,159,672,608,78,183,110,51,1,21,93,1,0,58,103,0.301,0.362,0.492,0.853,125,299,20,2,0,4,3,2.3,-0.1,3.1,-1.6,22,-2,-5,-7,-8,*3D/H,butlebi03,0.376,127,0.332,0.191,3.1,15.3,8.6,18.3,48.7,28.5,0.95,19.8,62.9,17.3,2.4,22.31
95,96,Nelson Cruz,28,TEX,AL,128,515,462,75,120,65,21,1,33,76,20,4,49,118,0.26,0.332,0.524,0.856,117,242,9,2,0,2,6,2.3,0.5,2.3,-0.5,8,-1,2,1,0,*9/DH7,cruzne02,0.37,113,0.278,0.264,6.4,22.9,9.5,17.9,38.4,32.9,0.64,27.7,54.6,17.6,0.7,13.62
96,97,Marlon Byrd,31,TEX,AL,146,599,547,66,155,90,43,2,20,89,8,4,32,98,0.283,0.329,0.479,0.808,106,262,11,10,0,10,2,2.2,0.1,3.0,-0.5,6,1,0,1,-7,*87/9H,byrdma01,0.358,109,0.308,0.196,3.3,16.4,5.3,19.4,41.0,31.6,0.69,31.2,55.1,13.7,0.9,7.3
97,98,Clint Barmes,30,COL,NL,154,604,550,69,135,77,32,3,23,76,12,10,31,121,0.245,0.294,0.44,0.734,82,242,6,10,6,7,2,2.2,0.4,0.5,2.2,-15,0,-2,-2,17,*46/H,barmecl01,0.323,78,0.271,0.195,3.8,20.0,5.1,21.9,29.4,32.1,0.43,33.3,51.4,15.4,-1.8,-12.32
98,99,Grady Sizemore,26,CLE,AL,106,503,436,73,108,64,20,6,18,64,13,8,60,92,0.248,0.343,0.445,0.788,110,194,4,4,2,1,1,2.2,0.6,2.7,-0.4,8,1,0,1,-5,8D,sizemgr01,0.352,114,0.275,0.197,3.6,18.3,11.9,16.7,36.0,36.0,0.59,28.8,52.4,18.7,-0.4,14.0
99,100,David DeJesus,29,KCR,AL,144,627,558,74,157,107,28,9,13,71,4,9,51,87,0.281,0.347,0.434,0.781,107,242,10,8,5,5,0,2.2,0.0,1.9,-0.2,5,0,-4,-3,3,*7/89H,dejesda01,0.34,106,0.311,0.152,2.1,13.9,8.1,19.1,44.9,28.3,0.85,20.0,63.2,16.8,0.2,8.85
100,101,Adam LaRoche,29,ATLBOSPIT,ALNL,150,629,555,78,154,89,38,2,25,83,2,2,69,142,0.277,0.355,0.488,0.843,122,271,11,0,0,5,12,2.2,0.2,2.4,-1.1,14,0,0,0,-2,*3/HD,larocad01,0.365,119,0.328,0.211,4.0,22.6,11.0,20.3,35.2,38.3,0.54,29.9,55.3,14.8,0.3,18.2
101,102,José López,25,SEA,AL,153,653,613,69,167,100,42,0,25,96,3,3,24,69,0.272,0.303,0.463,0.766,103,284,25,6,3,7,5,2.1,-0.2,2.5,0.1,1,-3,-1,-4,-3,*43/H,lopezjo01,0.334,102,0.27,0.191,3.8,10.6,3.7,21.8,40.4,29.4,0.69,37.5,49.8,12.6,-0.5,-3.72
102,103,Dan Uggla,29,FLA,NL,158,668,564,84,137,78,27,1,31,90,2,1,92,150,0.243,0.354,0.459,0.813,111,259,10,7,1,4,4,2.1,0.1,3.4,-0.9,9,1,0,1,-12,*4/H,ugglada01,0.361,112,0.274,0.216,4.6,22.5,13.8,17.7,37.5,34.8,0.6,35.1,53.0,11.9,0.4,11.65
103,104,James Loney,25,LAD,NL,158,652,576,73,162,122,25,2,13,90,7,3,70,68,0.281,0.357,0.399,0.756,104,230,16,0,1,4,10,2.1,0.1,1.6,-0.4,8,-1,-2,-3,5,*3/H,loneyja01,0.35,111,0.299,0.118,2.0,10.4,10.7,21.1,43.7,27.7,0.78,22.2,57.5,20.3,0.7,18.74
104,105,Kosuke Fukudome,32,CHC,NL,146,603,499,79,129,75,38,5,11,54,6,10,93,112,0.259,0.375,0.421,0.796,105,210,15,3,3,5,3,2.1,0.2,2.3,-0.2,8,-2,-2,-4,-2,*89H,fukudko01,0.361,112,0.31,0.162,1.8,18.6,15.4,21.5,45.1,25.6,0.87,23.8,60.5,15.7,0.9,9.91
105,106,Paul Konerko,33,CHW,AL,152,621,546,75,151,92,30,1,28,88,1,0,58,89,0.277,0.353,0.489,0.842,114,267,15,10,0,7,4,2.1,-0.1,2.0,-0.7,11,-2,-3,-5,1,*3D/H,konerpa01,0.369,115,0.282,0.212,4.5,14.3,9.3,21.3,35.8,35.6,0.56,31.5,57.5,11.0,0.8,9.92
106,107,Nick Swisher,28,NYY,AL,150,607,498,84,124,59,35,1,29,82,0,0,97,126,0.249,0.371,0.498,0.869,122,248,13,3,3,6,2,1.9,-0.2,2.8,-1.4,15,-1,-1,-3,-8,*93/7HD1,swishni01,0.377,121,0.272,0.249,4.8,20.8,16.0,17.8,38.1,33.1,0.63,31.8,51.2,17.1,1.7,14.01
107,108,Miguel Tejada,35,HOU,NL,158,674,635,83,199,138,46,1,14,86,5,2,19,48,0.313,0.34,0.455,0.795,110,289,29,11,0,8,2,1.9,-0.2,3.4,-0.7,10,-4,0,-4,-15,*6,tejadmi01,0.358,113,0.318,0.142,2.1,7.1,2.8,18.3,49.2,24.0,0.98,27.1,54.6,18.3,3.0,10.02
108,109,Colby Rasmus,22,STL,NL,147,520,474,72,119,79,22,2,16,52,3,1,36,95,0.251,0.307,0.407,0.714,89,193,5,3,5,2,3,1.9,0.3,1.1,0.9,-9,1,2,4,7,*8H/79,rasmuco01,0.318,84,0.282,0.156,3.1,18.3,6.9,18.9,33.9,37.3,0.54,28.2,56.7,15.0,0.0,-1.01
109,110,Carlos Lee,33,HOU,NL,160,662,610,65,183,121,35,1,26,102,5,3,41,51,0.3,0.343,0.489,0.831,119,298,21,3,0,8,5,1.9,-0.2,2.5,-1.3,17,-2,-3,-5,-6,*7/D3,leeca01,0.37,123,0.29,0.189,3.9,7.7,6.2,20.3,35.8,34.4,0.56,32.3,55.2,12.5,1.4,13.37
110,111,Jimmy Rollins,30,PHI,NL,155,725,672,100,168,99,43,5,21,77,31,8,44,70,0.25,0.296,0.423,0.719,87,284,7,2,2,5,1,1.8,-0.3,2.0,0.6,-11,1,2,3,-2,*6/H,rolliji01,0.329,86,0.251,0.173,2.9,9.7,6.1,19.2,40.1,29.1,0.68,36.5,49.6,14.0,-0.7,-6.08
111,112,Mark DeRosa,34,CLESTL,ALNL,139,576,515,78,129,82,23,1,23,78,3,2,47,121,0.25,0.319,0.433,0.752,99,223,11,7,2,5,1,1.7,-0.2,2.1,-0.4,-1,1,2,3,-4,5739/H4D,derosma01,0.334,99,0.282,0.183,4.0,21.0,8.2,17.5,43.9,31.2,0.8,27.9,54.6,17.5,1.5,10.91
112,113,Daniel Murphy,24,NYM,NL,155,556,508,60,135,81,38,4,12,63,4,2,38,69,0.266,0.313,0.427,0.741,96,217,13,0,4,6,4,1.6,-0.1,0.6,0.3,-4,-1,2,1,10,3H7,murphda08,0.329,94,0.284,0.161,2.2,12.4,6.8,20.5,39.0,31.6,0.66,25.0,52.9,22.1,-0.6,-0.27
113,114,Cristian Guzmán,31,WSN,NL,135,555,531,74,151,114,24,7,6,52,4,5,16,75,0.284,0.306,0.39,0.696,83,207,9,1,6,1,0,1.6,-0.1,1.8,0.4,-8,2,1,4,-2,*6H/D,guzmacr01,0.321,88,0.322,0.105,1.1,13.5,2.9,18.8,52.7,19.9,1.16,32.0,50.5,17.4,-0.2,2.32
114,115,Skip Schumaker,29,STL,NL,153,586,532,85,161,122,34,1,4,35,2,2,52,69,0.303,0.364,0.393,0.757,102,209,4,0,1,1,2,1.6,-0.2,2.8,-1.2,7,3,0,3,-12,*47H9/8,schumsk01,0.352,110,0.341,0.09,0.7,11.8,8.9,20.6,61.7,14.4,1.62,20.2,60.9,18.9,0.6,10.0
115,116,A.J. Pierzynski,32,CHW,AL,138,535,504,57,151,115,22,1,13,49,1,1,24,52,0.3,0.331,0.425,0.755,93,214,18,1,3,3,6,1.5,-0.4,2.0,0.4,-7,-1,0,-1,-5,*2H/D,pierza.01,0.333,89,0.312,0.125,2.4,9.7,4.5,19.9,46.5,27.3,0.88,25.1,54.8,20.1,0.0,-5.99
116,117,Nick Johnson,30,FLAWSN,NL,133,574,457,71,133,99,24,2,8,62,2,4,99,84,0.291,0.426,0.405,0.831,122,185,15,12,1,5,4,1.5,-0.3,2.8,-2.1,19,-1,0,-2,-13,*3/H,johnsni01,0.38,130,0.338,0.114,1.4,14.6,17.2,22.4,43.8,28.8,0.78,26.1,55.7,18.1,3.6,31.64
117,118,Kevin Kouzmanoff,27,SDP,NL,141,573,529,50,135,85,31,1,18,88,1,0,27,106,0.255,0.302,0.42,0.722,97,222,25,11,0,6,3,1.4,-0.3,1.2,0.5,-3,-3,-1,-4,2,*5/H,kouzmke01,0.321,95,0.285,0.164,3.1,18.5,4.7,19.3,45.2,28.9,0.83,26.1,61.5,12.4,-0.2,-5.79
118,119,Luis Castillo,33,NYM,NL,142,580,486,77,147,131,12,3,1,40,20,6,69,58,0.302,0.387,0.346,0.732,99,168,15,1,19,5,3,1.4,-0.4,2.6,-0.9,1,1,4,4,-12,*4/H,castilu01,0.344,102,0.338,0.043,0.2,10.0,11.9,21.5,54.9,13.7,1.46,10.9,67.3,21.8,0.0,2.59
119,120,Brad Hawpe,30,COL,NL,145,588,501,82,143,75,42,3,23,86,1,3,79,145,0.285,0.384,0.519,0.903,125,260,17,4,0,4,7,1.4,-0.4,3.0,-2.2,20,-1,0,-1,-16,*9/HD,hawpebr01,0.395,130,0.356,0.234,3.9,24.7,13.4,22.5,43.6,31.4,0.78,23.6,56.9,19.4,2.6,22.09
120,121,Jeff Francoeur,25,ATLNYM,NL,157,632,593,72,166,115,32,4,15,76,6,4,23,92,0.28,0.309,0.423,0.732,93,251,13,6,1,9,5,1.3,-0.6,0.2,0.5,-9,1,-2,-1,11,*9/H,francje02,0.322,88,0.305,0.143,2.4,14.6,3.6,21.9,37.8,30.5,0.61,20.4,59.2,20.4,-2.0,-15.22
121,122,Ryan Ludwick,30,STL,NL,139,542,486,63,129,86,20,1,22,97,4,2,41,106,0.265,0.329,0.447,0.775,105,217,5,7,1,4,3,1.3,-0.4,1.7,-0.9,4,0,2,2,-4,*9H/78,ludwiry01,0.348,106,0.296,0.181,4.1,19.6,7.6,21.0,32.5,36.1,0.48,27.8,54.8,17.4,0.9,20.81
122,123,Randy Winn,35,SFG,NL,149,597,538,65,141,101,33,5,2,51,16,2,47,93,0.262,0.318,0.353,0.671,76,190,6,1,3,8,2,1.3,-0.6,-0.2,0.8,-17,2,3,5,14,*978/HD,winnra01,0.314,74,0.308,0.091,0.3,15.6,7.9,21.3,45.4,26.8,0.86,23.2,59.6,17.1,1.0,1.98
123,124,Scott Podsednik,33,CHW,AL,132,587,537,75,163,125,25,6,7,48,30,13,39,74,0.304,0.353,0.412,0.764,97,221,8,3,6,2,1,1.3,-0.7,1.2,-0.2,-6,0,0,0,1,*78D/H9,podsesc01,0.338,92,0.341,0.108,1.2,12.6,6.6,16.6,51.6,24.0,1.15,16.1,63.9,20.0,-0.2,-6.15
124,125,Dexter Fowler,23,COL,NL,135,518,433,73,115,72,29,10,4,34,27,10,67,116,0.266,0.363,0.406,0.77,94,176,4,1,14,3,1,1.2,-0.4,2.3,-0.9,-1,1,5,7,-11,*8H,fowlede01,0.357,98,0.351,0.141,0.8,22.4,12.9,19.8,38.0,26.6,0.74,30.8,51.8,17.4,-0.3,4.56
125,126,Luke Scott,31,BAL,AL,128,506,449,61,116,64,26,1,25,77,0,0,55,104,0.258,0.34,0.488,0.828,114,219,4,1,0,1,5,1.2,-0.6,1.6,-1.3,7,2,-2,0,-4,D73/H,scottlu01,0.359,112,0.283,0.229,4.9,20.6,10.9,16.8,40.5,32.9,0.68,35.3,51.7,13.0,-0.2,17.56
126,127,Melky Cabrera,24,NYY,AL,154,540,485,66,133,91,28,1,13,68,10,2,43,59,0.274,0.336,0.416,0.752,93,202,15,4,4,4,4,1.2,-0.8,1.6,-0.5,-5,1,1,2,-4,*897/HD,cabreme01,0.339,92,0.288,0.142,2.4,10.9,8.0,20.5,49.3,22.1,1.01,23.7,59.0,17.3,-0.8,-3.65
127,128,Pedro Feliz,34,PHI,NL,158,625,580,62,154,110,30,2,12,82,0,1,35,68,0.266,0.308,0.386,0.694,82,224,12,3,2,5,3,1.2,-0.8,0.2,1.2,-14,0,-4,-4,9,*5/H6,felizpe01,0.315,80,0.281,0.121,1.9,10.9,5.6,20.4,43.7,28.1,0.79,28.9,56.8,14.3,0.6,8.54
128,129,B.J. Upton,24,TBR,AL,144,626,560,79,135,87,33,4,11,55,42,14,57,152,0.241,0.313,0.373,0.686,82,209,7,3,3,3,0,1.1,-1.1,1.1,0.4,-14,0,-1,-1,0,*8/H,uptonbj01,0.317,82,0.31,0.132,1.8,24.3,9.1,17.4,42.8,28.0,0.79,26.6,58.5,15.0,-0.4,-4.95
129,130,Chris Coghlan,24,FLA,NL,128,565,504,84,162,116,31,6,9,47,8,5,53,77,0.321,0.39,0.46,0.85,122,232,3,4,3,1,2,1.1,-0.6,3.0,-2.5,17,2,0,1,-19,*7/H4,coghlch01,0.38,126,0.365,0.139,1.6,13.6,9.4,23.2,47.8,23.0,0.95,23.4,58.5,18.1,1.6,22.87
130,131,Adam Kennedy,33,OAK,AL,129,587,529,65,153,112,29,1,11,63,20,6,45,86,0.289,0.348,0.41,0.758,101,217,8,4,5,3,2,1.1,-0.9,2.8,-1.3,3,0,2,1,-17,54/H39,kennead01,0.348,105,0.326,0.121,1.9,14.7,7.7,25.9,41.0,26.8,0.71,23.7,56.1,20.2,0.6,7.55
131,132,Ryan Theriot,29,CHC,NL,154,677,602,81,171,139,20,5,7,54,21,10,51,93,0.284,0.343,0.369,0.712,83,222,13,6,13,5,1,1.1,-1.0,1.1,0.8,-15,0,-1,-1,0,*6/H,theriry01,0.324,80,0.323,0.085,1.0,13.7,7.5,18.6,49.1,24.3,1.04,15.2,66.0,18.8,-1.7,-13.31
132,133,Jhonny Peralta,27,CLE,AL,151,645,582,57,148,101,35,1,11,83,0,2,51,134,0.254,0.316,0.375,0.69,85,218,20,4,2,6,0,1.0,-1.3,1.5,-0.1,-8,-2,-3,-4,-5,56/DH,peraljh01,0.318,90,0.309,0.12,1.7,20.8,7.9,18.2,50.9,25.0,1.05,32.2,55.5,12.3,-1.8,-21.21
133,134,Jack Cust,30,OAK,AL,149,612,513,88,123,82,16,0,25,70,4,1,93,185,0.24,0.356,0.417,0.773,105,214,7,2,0,4,5,1.0,-1.2,1.6,-1.6,4,1,0,1,-6,D9/H,custja01,0.346,105,0.319,0.177,4.1,30.2,15.2,22.0,37.0,37.7,0.6,27.4,54.8,17.8,0.1,10.41
134,135,David Eckstein,34,SDP,NL,136,568,503,64,131,100,27,2,2,51,3,1,39,46,0.26,0.323,0.334,0.657,82,168,8,9,13,4,1,1.0,-0.8,1.4,-0.1,-9,2,2,3,-4,*4/H,eckstda01,0.307,85,0.281,0.074,0.4,8.1,6.9,20.0,44.3,23.4,0.86,22.4,54.9,22.8,1.2,2.96
135,136,Aaron Rowand,31,SFG,NL,144,546,499,61,130,83,30,2,15,64,4,1,30,125,0.261,0.319,0.419,0.738,92,209,12,14,0,3,2,0.9,-0.7,1.1,0.1,-6,-1,0,-1,-2,*8/H,rowanaa01,0.332,90,0.318,0.158,2.7,22.9,5.5,16.4,44.8,30.0,0.82,31.6,50.9,17.5,-0.4,4.4
136,137,Vernon Wells,30,TOR,AL,158,684,630,84,164,109,37,3,15,66,17,4,48,86,0.26,0.311,0.4,0.711,86,252,18,1,0,5,2,0.9,-1.5,1.9,-0.6,-12,0,2,2,-10,*8/DH,wellsve01,0.324,86,0.279,0.14,2.2,12.6,7.0,16.2,42.8,28.6,0.75,28.6,61.9,9.5,-2.7,-18.07
137,138,Álex Ríos,28,CHWTOR,AL,149,633,582,63,144,94,31,2,17,71,24,5,37,107,0.247,0.296,0.395,0.691,79,230,21,6,1,7,1,0.8,-1.4,0.2,0.3,-16,-2,2,-1,6,*98,riosal01,0.318,79,0.273,0.148,2.7,16.9,5.8,17.0,42.7,30.4,0.75,26.7,58.6,14.7,-1.6,-18.79
138,139,Jorge Cantú,27,FLA,NL,149,643,585,67,169,111,42,0,16,100,3,1,47,81,0.289,0.345,0.443,0.788,105,259,15,6,0,5,4,0.8,-1.2,2.0,-1.9,9,-1,0,-1,-12,*35/DH,cantujo01,0.361,112,0.31,0.154,2.5,12.6,7.3,22.4,36.7,30.1,0.58,35.4,53.6,11.0,3.1,19.32
139,140,Magglio Ordóñez,35,DET,AL,131,518,465,54,144,109,24,2,9,50,3,1,51,65,0.31,0.376,0.428,0.804,111,199,19,0,0,2,2,0.8,-1.1,1.8,-1.6,8,-2,-2,-4,-10,9D/H,ordonma01,0.362,113,0.344,0.118,1.7,12.5,9.8,23.1,52.0,19.9,1.08,20.9,56.2,22.9,0.5,7.54
140,141,David Ortiz,33,BOS,AL,150,627,541,77,129,65,35,1,28,99,0,2,74,134,0.238,0.332,0.462,0.794,102,250,9,5,0,7,5,0.7,-1.5,0.7,-1.3,0,0,-2,-2,0,*D/3H,ortizda01,0.346,100,0.262,0.224,4.5,21.4,11.8,16.2,31.9,41.5,0.47,28.0,53.9,18.1,0.8,14.76
141,142,Chase Headley,25,SDP,NL,156,612,543,62,142,97,31,2,12,64,10,2,62,133,0.262,0.342,0.392,0.734,102,213,19,5,0,2,3,0.6,-1.3,1.9,-1.7,6,-2,1,-1,-12,*75H/D3,headlch01,0.34,108,0.325,0.131,2.0,21.7,10.1,18.0,44.2,30.3,0.79,27.9,55.3,16.7,1.0,2.29
142,143,Kazuo Matsui,33,HOU,NL,132,533,476,56,119,88,20,2,9,46,19,3,34,85,0.25,0.302,0.357,0.659,75,170,4,3,16,4,2,0.4,-1.2,0.4,0.3,-20,1,4,5,0,*4/H,matsuka01,0.3,66,0.285,0.107,1.7,15.9,6.4,17.5,44.0,23.8,0.92,20.7,59.4,20.0,-1.3,-9.75
143,144,Jermaine Dye,35,CHW,AL,141,574,503,78,126,79,19,1,27,81,0,2,64,108,0.25,0.34,0.453,0.793,102,228,15,5,0,2,2,0.2,-1.9,1.3,-1.6,-1,-1,-2,-2,-11,*9/DH,dyeje01,0.345,99,0.268,0.203,4.7,18.8,11.1,17.6,39.3,31.0,0.65,30.2,54.4,15.4,-1.3,2.96
144,145,Jason Kendall,35,MIL,NL,134,526,452,48,109,86,19,2,2,43,7,2,46,58,0.241,0.331,0.305,0.636,71,138,11,17,6,5,6,0.1,-1.5,0.9,0.1,-15,-1,0,0,-7,*2/H,kendaja01,0.306,75,0.27,0.064,0.4,11.0,8.7,20.2,44.2,26.7,0.82,29.6,54.6,15.8,-0.8,-12.61
145,146,Mark Teahen,27,KCR,AL,144,571,524,69,142,95,34,1,12,50,8,1,37,123,0.271,0.325,0.408,0.734,94,214,11,6,2,2,4,-0.2,-2.2,1.8,-1.9,-3,1,-2,-1,-20,593/H4,teahema01,0.333,96,0.332,0.137,2.1,21.5,6.5,19.3,51.6,23.5,1.09,19.0,64.0,17.0,-1.5,-11.94
146,147,Adam Dunn,29,WSN,NL,159,668,546,81,146,79,29,0,38,105,0,1,116,177,0.267,0.398,0.529,0.928,144,289,8,4,0,2,16,-0.4,-2.4,4.0,-5.2,32,-1,-3,-4,-43,379/DH,dunnad01,0.398,143,0.324,0.262,5.7,26.5,17.4,22.4,32.9,35.3,0.49,32.4,51.1,16.5,2.6,37.96
147,148,Bengie Molina,34,SFG,NL,132,520,491,52,130,84,25,1,20,80,0,0,13,68,0.265,0.285,0.442,0.727,87,217,14,5,0,11,3,-0.5,-2.1,0.5,-0.3,-13,-2,-2,-4,-10,*2H/D,molinbe01,0.314,78,0.266,0.177,3.8,13.1,2.5,19.6,30.9,39.2,0.45,26.5,57.4,16.1,-0.4,-5.04
148,149,Orlando Cabrera,34,MINOAK,AL,160,708,656,83,186,138,36,3,9,77,13,4,36,71,0.284,0.316,0.389,0.705,86,255,22,0,6,10,1,-0.6,-3.0,2.2,-1.9,-13,-2,3,1,-29,*6/H,cabreor01,0.319,85,0.302,0.105,1.3,10.0,5.1,20.1,45.1,25.0,0.85,23.0,57.9,19.1,-1.2,-4.23
149,150,Emilio Bonifácio,24,FLA,NL,127,509,461,72,116,98,11,6,1,27,21,9,34,95,0.252,0.303,0.308,0.611,61,142,5,2,8,4,0,-0.7,-2.2,-0.3,-0.1,-23,2,2,4,-4,56H8/47,bonifem01,0.29,59,0.312,0.056,0.2,18.7,6.7,16.4,48.9,20.6,1.21,20.1,59.3,20.6,-1.6,-20.97
150,151,Édgar Rentería,32,SFG,NL,124,510,460,50,115,90,19,1,5,48,7,2,39,69,0.25,0.307,0.328,0.635,67,151,17,1,5,5,5,-1.4,-2.9,-0.4,-0.4,-23,-2,1,0,-10,*6/H,renteed01,0.29,59,0.281,0.078,1.0,13.5,7.6,20.7,46.4,23.2,0.91,22.8,60.8,16.5,-0.9,-6.23
151,152,Garret Anderson,37,ATL,NL,135,534,496,52,133,93,27,0,13,61,1,0,27,73,0.268,0.303,0.401,0.705,85,199,11,2,0,9,2,-1.4,-3.0,-0.2,-1.7,-13,1,-1,0,-11,*7H/D,anderga01,0.312,79,0.286,0.133,2.4,13.7,5.1,19.2,41.7,31.9,0.71,31.9,54.6,13.4,-1.4,-14.6
152,153,Alfonso Soriano,33,CHC,NL,117,522,477,64,115,69,25,1,20,55,9,2,40,118,0.241,0.303,0.423,0.726,84,202,7,3,0,2,6,-1.6,-3.2,-0.2,-1.9,-11,0,0,0,-14,*7/45H,soriaal01,0.327,81,0.279,0.182,3.8,22.6,7.7,18.0,33.8,36.0,0.51,33.0,49.6,17.5,0.7,-11.46
153,154,Aubrey Huff,32,BALDET,AL,150,597,536,59,129,83,30,1,15,85,0,6,51,87,0.241,0.31,0.384,0.694,81,206,15,5,0,5,7,-1.7,-3.8,-1.2,-1.4,-18,1,-7,-6,-5,3DH,huffau01,0.303,75,0.26,0.144,2.5,14.6,8.5,17.8,47.4,26.2,0.9,31.1,56.4,12.6,-0.2,-4.8
154,155,Yuniesky Betancourt,27,KCRSEA,AL,134,508,470,40,115,83,20,6,6,49,3,3,21,44,0.245,0.274,0.351,0.625,66,165,17,0,11,6,0,-2.0,-3.8,-0.2,-1.0,-23,-2,-3,-5,-18,*6/H,betanyu01,0.281,62,0.256,0.106,1.2,8.7,4.1,17.2,40.6,25.7,0.73,30.2,56.9,12.9,-2.2,-26.61
