Rk,I,Split,Year,G,RBI,GS,PA,AB,R,H,2B,3B,HR,SB,CS,BB,SO,BA,OBP,SLG,OPS,TB,GDP,HBP,SH,SF,IBB,ROE,BAbip,tOPS+,sOPS+
31,,Batting 4th,2007,5842,3406,4862,21536,18831,2896,5336,1110,60,879,179,67,2265,3618,.283,.363,.489,.852,9203,527,212,11,215,310,166,.306,,
32,,Batting 4th,2006,5929,3367,4858,21416,18477,3046,5224,1082,51,956,173,73,2487,3666,.283,.371,.502,.873,9276,521,233,17,199,312,164,.304,,
33,,Batting 4th,2008,5654,3278,4856,21384,18832,2891,5273,1123,72,849,184,77,2143,3696,.280,.357,.483,.840,9087,511,221,4,182,278,189,.306,,
34,,Batting 4th,2009,5643,3212,4860,21310,18743,2746,5104,1061,58,863,231,91,2164,3908,.272,.350,.473,.824,8870,468,189,18,192,233,201,.299,,
35,,Batting 3rd,2006,5589,3179,4858,21957,19199,3123,5453,1143,78,844,294,75,2331,3381,.284,.364,.484,.848,9284,532,201,25,199,270,182,.304,,
36,,Batting 3rd,2007,5478,3133,4862,22012,19213,3050,5529,1207,102,752,343,91,2349,3572,.288,.368,.479,.847,9196,537,216,28,202,254,184,.317,,
37,,Batting 5th,2006,5854,3094,4858,20923,18573,2660,5208,1164,80,776,161,91,1933,3499,.280,.351,.477,.828,8860,495,196,27,190,172,188,.306,,
38,,Batting 4th,2012,5741,3013,4860,21001,18664,2623,5097,1051,60,815,188,78,1931,3939,.273,.345,.467,.812,8713,472,221,5,180,195,194,.304,,
39,,Batting 4th,2010,5697,2985,4860,21182,18682,2674,5020,1069,56,802,153,91,2083,3845,.269,.346,.461,.806,8607,460,214,9,192,228,185,.296,,
40,,Batting 3rd,2009,5461,2983,4860,21794,19040,2914,5338,1140,90,787,310,79,2327,3579,.280,.362,.474,.835,9019,497,204,24,196,243,194,.306,,
41,,Batting 4th,2011,5600,2963,4858,21143,18640,2530,4978,1017,61,742,226,99,2082,3834,.267,.344,.448,.791,8343,463,200,16,200,261,183,.297,,
42,,Batting 4th,2015,5770,2949,4858,20957,18702,2549,5015,998,78,801,179,78,1888,4074,.268,.338,.458,.796,8572,505,175,8,176,177,188,.301,,
43,,Batting 3rd,2008,5455,2937,4856,21867,19198,2950,5450,1178,79,705,337,99,2237,3466,.284,.361,.464,.825,8901,535,205,20,202,227,190,.312,,
44,,Batting 4th,2013,5608,2901,4862,21097,18839,2485,5060,999,60,772,181,66,1882,4286,.269,.338,.451,.789,8495,436,183,6,183,173,163,.307,,
45,,Batting 3rd,2010,5389,2886,4860,21679,19003,2843,5331,1114,81,709,369,115,2295,3640,.281,.360,.460,.820,8734,542,175,26,177,222,194,.312,,
46,,Batting 3rd,2012,5384,2852,4860,21503,18987,2839,5199,1035,95,790,404,132,2148,4040,.274,.350,.463,.813,8794,473,174,15,177,236,161,.308,,
47,,Batting 5th,2008,5824,2831,4856,20882,18544,2536,4865,1059,92,730,200,85,1946,3776,.262,.335,.447,.783,8298,469,186,26,180,161,157,.291,,
48,,Batting 3rd,2011,5482,2815,4858,21635,19081,2718,5271,1072,89,712,357,118,2132,3787,.276,.352,.454,.805,8657,469,196,19,203,232,204,.308,,
49,,Batting 5th,2007,5943,2815,4862,20998,18724,2609,5047,1101,82,651,191,83,1855,3614,.270,.339,.441,.781,8265,467,210,27,179,140,172,.300,,
50,,Batting 3rd,2014,5506,2794,4860,21489,19016,2643,5246,1146,69,675,258,90,2028,3831,.276,.350,.450,.800,8555,490,236,14,191,217,191,.311,,
51,,Batting 3rd,2015,5491,2760,4858,21435,18898,2723,5203,1069,86,753,291,84,2125,3918,.275,.352,.461,.812,8703,568,206,8,194,219,169,.309,,
52,,Batting 4th,2014,5586,2726,4860,20999,18690,2337,4792,937,56,680,151,51,1942,4258,.256,.329,.422,.751,7881,468,177,8,182,191,160,.295,,
53,,Batting 5th,2009,5723,2703,4860,20834,18490,2530,4898,998,72,706,220,119,1955,3902,.265,.339,.441,.780,8158,459,192,32,162,135,162,.298,,
54,,Batting 5th,2012,5765,2702,4860,20532,18513,2393,4805,1001,78,701,214,98,1659,4051,.260,.322,.436,.758,8065,471,143,32,180,106,179,.294,,
55,,Batting 3rd,2013,5401,2699,4862,21574,18996,2682,5193,1035,82,695,331,93,2227,3866,.273,.352,.446,.798,8477,543,172,17,160,215,175,.308,,
56,,Batting 5th,2010,5775,2696,4860,20654,18381,2492,4865,1029,93,663,194,101,1876,4038,.265,.336,.439,.775,8069,451,190,27,175,144,175,.303,,
57,,Batting 5th,2015,5987,2566,4858,20472,18598,2260,4751,980,76,683,151,106,1504,4261,.255,.315,.426,.742,7932,454,187,20,160,106,167,.294,,
58,,Batting 6th,2006,5997,2541,4858,20401,18451,2388,4937,1001,102,653,211,126,1550,3560,.268,.330,.439,.769,8101,502,221,49,130,143,179,.298,,
59,,Batting 5th,2011,5890,2530,4858,20624,18533,2384,4832,1078,74,611,236,105,1746,3874,.261,.328,.426,.754,7891,476,172,31,138,148,175,.298,,
60,,Batting 6th,2007,6007,2530,4862,20509,18390,2400,5043,1056,90,614,198,99,1740,3540,.274,.341,.442,.782,8121,532,187,46,141,138,186,.308,,
61,,Batting 6th,2008,5939,2459,4856,20365,18212,2318,4792,1014,83,618,189,91,1748,3789,.263,.332,.430,.762,7826,444,211,47,146,134,195,.299,,
62,,Batting 5th,2013,5713,2425,4862,20603,18551,2264,4766,1003,65,617,199,88,1698,4249,.257,.323,.418,.741,7750,466,179,28,145,132,150,.300,,
63,,Batting 6th,2009,5836,2423,4860,20332,18150,2361,4754,984,103,656,235,105,1857,3745,.262,.334,.436,.770,7912,488,167,46,112,124,156,.296,,
64,,Batting 5th,2014,5785,2421,4860,20529,18592,2218,4784,971,94,580,217,109,1550,4264,.257,.318,.413,.732,7683,458,193,32,162,111,169,.302,,
65,,Batting 7th,2007,6066,2404,4862,19939,18010,2142,4787,1003,81,506,177,85,1511,3451,.266,.326,.415,.741,7470,465,172,78,165,118,167,.301,,
66,,Batting 6th,2010,5936,2376,4860,20113,18063,2132,4670,970,80,587,241,102,1656,3907,.259,.324,.419,.743,7561,481,175,62,155,140,165,.298,,
67,,Batting 7th,2006,5940,2366,4858,19838,18001,2176,4808,992,89,567,206,108,1367,3392,.267,.323,.427,.749,7679,449,185,128,155,116,218,.299,,
68,,Batting 2nd,2009,5517,2330,4860,22328,19933,2987,5478,1060,165,481,479,163,1770,3331,.275,.337,.417,.754,8311,466,199,252,173,36,225,.307,,
69,,Batting 7th,2009,5912,2321,4860,19790,17786,2091,4553,925,90,526,225,89,1579,3633,.256,.320,.407,.727,7236,451,176,88,160,102,165,.292,,
70,,Batting 2nd,2006,5585,2297,4858,22480,20134,3146,5728,1079,152,481,439,158,1732,3140,.284,.345,.425,.770,8554,447,200,271,141,31,224,.315,,
71,,Batting 2nd,2007,5585,2291,4862,22511,20186,3132,5650,1150,149,462,503,162,1744,3266,.280,.341,.420,.762,8484,433,206,241,131,27,234,.313,,
72,,Batting 6th,2011,5951,2280,4858,20096,18166,2114,4619,953,89,579,269,124,1566,3957,.254,.317,.412,.729,7487,420,161,67,135,116,167,.293,,
73,,Batting 6th,2012,5977,2264,4860,20013,18039,2130,4629,938,84,613,251,110,1615,4034,.257,.322,.420,.742,7574,449,177,50,131,100,172,.297,,
74,,Batting 7th,2008,5979,2243,4856,19793,17713,2185,4574,987,80,489,213,107,1644,3544,.258,.325,.406,.731,7188,440,191,89,153,128,160,.295,,
75,,Batting 2nd,2008,5607,2227,4856,22418,20212,2931,5591,1090,125,438,399,154,1667,3277,.277,.335,.408,.742,8245,501,160,241,136,37,223,.310,,
76,,Batting 6th,2013,5956,2222,4862,20073,18095,2081,4532,890,58,597,195,86,1584,4156,.250,.315,.405,.720,7329,442,182,60,151,84,172,.292,,
77,,Batting 2nd,2015,5449,2222,4858,21914,19713,2844,5271,983,123,591,356,135,1747,4026,.267,.332,.420,.751,8273,453,214,117,123,43,208,.308,,
78,,Batting 7th,2010,5990,2195,4860,19590,17667,1959,4400,857,93,461,235,100,1553,3750,.249,.312,.386,.699,6826,414,144,75,151,127,187,.289,,
79,,Batting 6th,2015,6034,2158,4858,19971,18169,2046,4550,923,100,542,205,103,1439,4258,.250,.309,.402,.711,7299,440,172,46,140,77,170,.297,,
80,,Batting 7th,2012,6106,2151,4860,19469,17706,1950,4417,914,74,534,257,126,1403,3996,.249,.309,.400,.709,7081,433,166,78,111,81,172,.292,,
81,,Batting 2nd,2012,5559,2115,4860,22012,19858,2827,5199,901,157,464,585,156,1612,3868,.262,.321,.393,.714,7806,395,175,242,123,38,253,.303,,
82,,Batting 6th,2014,5972,2107,4860,19952,18151,1985,4431,895,68,493,205,85,1427,4322,.244,.303,.382,.686,6941,437,176,44,149,89,171,.292,,
83,,Batting 8th,2007,6274,2081,4862,19347,17283,1999,4290,841,86,374,188,83,1520,3475,.248,.314,.372,.686,6425,428,207,174,162,206,206,.288,,
84,,Batting 2nd,2014,5486,2070,4860,21955,19832,2694,5178,993,137,450,453,146,1628,3933,.261,.321,.393,.714,7795,426,198,150,143,49,186,.303,,
85,,Batting 2nd,2011,5533,2053,4858,22164,19899,2741,5201,1013,145,420,528,178,1631,3497,.261,.321,.390,.711,7764,400,194,296,143,30,223,.296,,
86,,Batting 7th,2011,6037,2053,4858,19547,17667,1920,4390,899,82,460,247,122,1479,3735,.248,.310,.387,.697,6833,408,168,94,138,128,182,.289,,
87,,Batting 8th,2006,6046,2045,4858,19300,17281,2048,4422,884,98,374,189,96,1520,3340,.256,.321,.383,.704,6624,415,205,140,152,258,221,.295,,
88,,Batting 1st,2008,5376,2031,4856,22946,20449,3165,5627,1063,197,466,887,248,2047,3478,.275,.345,.415,.759,8482,279,184,139,127,114,214,.310,,
89,,Batting 2nd,2010,5545,2021,4860,22177,19794,2789,5346,1040,129,414,456,163,1801,3350,.270,.334,.398,.732,7886,461,174,248,154,35,236,.305,,
90,,Batting 7th,2013,6097,2015,4862,19505,17696,1845,4398,884,68,484,205,98,1433,4044,.249,.308,.388,.697,6870,420,152,92,126,78,153,.294,,
91,,Batting 8th,2009,6277,2015,4860,19210,17072,1979,4312,870,84,402,196,73,1655,3539,.253,.322,.384,.706,6556,417,170,159,152,214,168,.294,,
92,,Batting 8th,2008,6946,2003,4856,19288,17094,1930,4226,832,77,368,176,89,1658,3598,.247,.318,.369,.688,6316,406,181,217,136,210,187,.291,,
93,,Batting 2nd,2013,5530,2003,4862,22119,20022,2711,5283,1035,107,474,462,145,1565,3788,.264,.322,.397,.719,7954,453,204,193,134,38,191,.303,,
94,,Batting 1st,2006,5435,1981,4858,23006,20627,3274,5749,1107,216,448,909,300,1859,3342,.279,.343,.418,.762,8632,272,243,148,127,83,233,.312,,
95,,Batting 1st,2007,5476,1957,4862,23020,20540,3317,5696,1052,213,448,925,259,1982,3368,.277,.345,.415,.760,8518,276,206,153,135,97,242,.311,,
96,,Batting 7th,2015,6062,1956,4858,19404,17681,1891,4395,854,111,459,222,104,1353,4016,.249,.306,.387,.693,6848,407,159,86,124,91,182,.295,,
97,,Batting 7th,2014,5973,1946,4860,19414,17643,1801,4341,865,79,450,185,97,1371,4149,.246,.304,.381,.685,6714,418,170,83,144,65,164,.295,,
98,,Batting 1st,2009,5358,1924,4860,22881,20387,3137,5669,1045,210,408,839,300,2060,3545,.278,.347,.410,.757,8358,264,153,158,120,70,235,.318,,
99,,Batting 8th,2010,6451,1900,4860,19011,16936,1879,4117,797,86,401,204,91,1629,3690,.243,.313,.371,.684,6289,380,149,177,116,232,183,.287,,
100,,Batting 1st,2015,5382,1870,4858,22469,20395,2924,5478,1045,192,453,676,280,1631,3998,.269,.328,.405,.733,8266,229,219,106,114,56,209,.313,,
101,,Batting 1st,2011,5318,1866,4858,22693,20484,2983,5471,1015,192,430,953,312,1737,3634,.267,.328,.398,.727,8160,255,189,165,112,76,243,.305,,
102,,Batting 8th,2011,6060,1820,4858,18950,16949,1866,4123,788,94,369,227,100,1548,3684,.243,.310,.366,.676,6206,362,156,172,124,214,212,.288,,
103,,Batting 1st,2013,5390,1804,4862,22618,20372,2862,5403,1023,173,394,689,269,1783,3804,.265,.329,.390,.719,7954,278,198,141,119,54,218,.307,,
104,,Batting 8th,2012,6103,1796,4860,18860,16977,1760,4149,783,92,371,253,71,1482,3751,.244,.308,.367,.675,6229,382,142,137,120,215,197,.291,,
105,,Batting 8th,2013,6010,1792,4862,18940,17104,1802,4109,808,87,366,186,74,1450,3711,.240,.303,.362,.665,6189,412,135,135,114,219,163,.285,,
106,,Batting 1st,2010,5355,1778,4860,22717,20441,3006,5400,968,180,360,880,282,1825,3576,.264,.329,.382,.711,7808,279,191,162,93,67,231,.304,,
107,,Batting 8th,2015,7034,1748,4858,18810,17008,1806,4091,772,98,371,209,98,1378,4045,.241,.301,.363,.664,6172,366,133,178,110,168,181,.293,,
108,,Batting 1st,2012,5376,1738,4860,22526,20357,2961,5310,1051,199,403,815,279,1756,3896,.261,.324,.391,.715,7968,256,180,126,104,50,233,.304,,
109,,Batting 1st,2014,5379,1718,4860,22511,20462,2882,5493,1023,195,354,813,281,1625,3898,.268,.326,.389,.715,7968,257,180,130,113,46,211,.315,,
110,,Batting 8th,2014,6059,1654,4860,18840,16975,1735,4085,721,88,308,244,91,1450,3887,.241,.305,.348,.653,5906,357,167,142,103,191,179,.293,,
111,,Batting 9th,2007,14933,1640,4862,18751,16606,1777,3599,677,75,271,214,73,1113,4285,.217,.270,.315,.585,5239,318,139,782,111,33,189,.274,,
112,,Batting 9th,2006,14625,1621,4858,18750,16598,1738,3544,683,86,287,185,83,1068,4335,.214,.265,.317,.582,5260,312,133,846,103,25,183,.270,,
113,,Batting 9th,2008,14284,1532,4856,18688,16460,1679,3574,668,81,215,214,85,1247,4260,.217,.276,.307,.583,5049,298,133,743,103,21,197,.278,,
114,,Batting 9th,2009,14792,1453,4860,18600,16248,1674,3418,654,77,213,235,114,1253,4409,.210,.271,.299,.571,4865,286,140,858,99,22,173,.273,,
115,,Batting 9th,2010,14453,1451,4860,18430,16386,1534,3405,642,68,216,227,84,1060,4510,.208,.260,.295,.555,4831,252,137,758,88,21,178,.271,,
116,,Batting 9th,2011,14509,1424,4858,18393,16286,1552,3382,564,72,229,236,103,1097,4486,.208,.261,.293,.555,4777,270,118,807,81,26,194,.271,,
117,,Batting 9th,2015,13676,1421,4858,18196,16324,1604,3352,618,75,256,216,76,1008,4850,.205,.256,.299,.556,4888,317,137,631,91,14,164,.274,,
118,,Batting 9th,2013,14228,1410,4862,18344,16395,1523,3349,545,72,262,245,88,1018,4806,.204,.255,.294,.549,4824,282,131,711,87,25,164,.270,,
119,,Batting 9th,2012,14702,1367,4860,18263,16150,1534,3258,587,88,243,262,86,1103,4851,.202,.256,.294,.550,4750,283,116,794,97,34,181,.270,,
120,,Batting 9th,2014,14268,1309,4860,18240,16253,1466,3245,586,63,196,238,85,999,4899,.200,.251,.280,.531,4545,298,155,740,90,26,166,.271,,