Rk,Player,Age,Team,Lg,PA,rOBA,Rbat+,BAbip,ISO,HR%,SO%,BB%,LD%,GB%,FB%,GB/FB,Pull%,Cent%,Oppo%,WPA,cWPA,RE24,RS%,SB%,XBT%,Pos,Awards,Player-additional
1,David Wright,26,NYM,NL,618,.380,129,.394,.140,1.6,22.7,12.0,25.7,40.1,28.2,0.67,23.6,53.1,23.3,3.4,1.8%,33.51,33.8,75.0,41.4,*5/H,AS,wrighda03
2,Ichiro Suzuki*,35,SEA,AL,678,.371,127,.384,.113,1.6,10.5,4.7,18.9,54.6,19.8,1.25,21.0,61.6,17.3,3.7,1.0%,22.92,30.8,74.3,38.0,*9/D,ASMVP-9GGSS,suzukic01
3,Hanley Ramírez,25,FLA,NL,652,.421,154,.379,.201,3.7,15.5,9.4,22.5,38.9,28.5,0.64,24.3,58.0,17.7,3.5,2.3%,48.31,31.7,77.1,43.3,*6/H,ASMVP-2SS,ramirha01
4,Joe Mauer*,26,MIN,AL,606,.441,175,.373,.222,4.6,10.4,12.5,20.9,48.6,28.8,0.95,18.5,57.0,24.5,3.8,2.6%,56.18,27.4,80.0,37.7,*2D/H,ASMVP-1GGSS,mauerjo01
5,Joey Votto*,25,CIN,NL,544,.431,165,.372,.245,4.6,19.5,12.9,24.7,39.0,33.0,0.64,21.8,60.9,17.4,6.1,2.6%,51.19,28.5,80.0,49.2,*3/H,MVP-22,vottojo01
6,Shin-Soo Choo*,26,CLE,AL,685,.394,139,.370,.189,2.9,22.0,11.4,21.4,43.5,30.8,0.78,26.0,55.4,18.7,2.1,0.5%,30.15,26.8,91.3,40.8,*97D/H8,,choosh01
7,Derek Jeter,35,NYY,AL,716,.398,132,.368,.131,2.5,12.6,10.1,21.1,56.8,20.0,1.36,15.3,63.0,21.7,1.4,0.4%,20.38,32.8,85.7,38.4,*6/DH,ASMVP-3GGSS,jeterde01
8,Michael Bourn*,26,HOU,NL,678,.352,100,.366,.099,0.4,20.6,9.3,17.1,53.5,19.2,1.39,18.8,59.2,22.0,1.2,0.4%,13.24,40.0,83.6,53.4,*8/H,GG,bournmi01
9,Chris Coghlan*,24,FLA,NL,565,.380,126,.365,.139,1.6,13.6,9.4,23.2,47.8,23.0,0.95,23.4,58.5,18.1,1.6,0.6%,22.87,35.7,61.5,45.2,*7/H4,MVP-28ROY-1,coghlch01
10,Jason Bartlett,29,TBR,AL,567,.396,137,.364,.170,2.5,15.7,9.5,27.4,33.9,28.9,0.53,32.9,53.5,13.6,2.2,1.7%,29.68,37.1,81.1,40.9,*6/D,AS,bartlja01
11,Justin Upton,21,ARI,NL,588,.393,129,.360,.232,4.4,23.3,9.4,17.3,44.9,28.7,0.84,21.7,62.4,15.9,2.3,0.7%,28.78,30.7,80.0,50.0,*9/HD,ASMVP-25,uptonju01
12,Asdrúbal Cabrera#,23,CLE,AL,581,.371,124,.360,.130,1.0,15.3,7.6,20.4,46.8,25.5,0.96,26.6,58.4,15.0,2.1,0.9%,27.03,37.5,81.0,45.2,64/H,,cabreas01
13,Kevin Youkilis,30,BOS,AL,588,.420,151,.359,.242,4.6,21.3,13.1,21.4,34.6,40.0,0.53,31.4,53.5,15.1,2.6,2.1%,43.59,33.3,77.8,44.8,35/7H,ASMVP-6,youklke01
14,Felipe López#,29,2TM,NL,680,.368,119,.358,.118,1.3,14.7,10.4,21.9,52.1,23.3,1.09,22.6,60.4,17.0,0.4,-0.1%,22.10,31.5,50.0,36.8,*4/HD,,lopezfe01
15,Brad Hawpe*,30,COL,NL,588,.395,130,.356,.234,3.9,24.7,13.4,22.5,43.6,31.4,0.78,23.6,56.9,19.4,2.6,1.0%,22.09,29.1,25.0,43.8,*9/HD,ASMVP-28,hawpebr01
16,Chone Figgins#,31,LAA,AL,729,.369,120,.356,.096,0.7,15.6,13.9,21.2,39.2,29.8,0.70,21.1,58.7,20.3,2.7,2.1%,22.31,38.9,71.2,65.9,*5/4D7,ASMVP-10,figgich01
17,Nyjer Morgan*,28,2TM,NL,533,.352,107,.355,.081,0.6,13.9,7.5,17.8,50.0,20.2,1.23,16.8,63.7,19.5,0.3,0.0%,0.13,37.4,71.2,42.6,*78/H,,morgany01
18,Denard Span*,25,MIN,AL,676,.365,119,.353,.104,1.2,13.2,10.4,15.8,50.1,23.9,1.12,21.5,61.3,17.2,0.1,-1.5%,20.25,35.3,69.7,47.7,*879/H,,spande01
19,Ryan Braun,25,MIL,NL,708,.418,155,.353,.231,4.5,17.1,8.1,20.7,47.4,22.6,0.90,29.8,55.3,14.9,4.4,2.1%,51.65,33.6,76.9,50.0,*7/H,ASMVP-11SS,braunry02
20,Dexter Fowler#,23,COL,NL,518,.357,98,.351,.141,0.8,22.4,12.9,19.8,38.0,26.6,0.74,30.8,51.8,17.4,-0.3,0.1%,4.56,38.5,73.0,66.7,*8H,ROY-8,fowlede01
21,Michael Young,32,TEX,AL,593,.394,134,.351,.196,3.7,15.2,7.9,24.4,45.9,26.8,0.85,15.4,61.3,23.3,1.6,1.1%,13.27,27.0,72.7,30.4,*5/D,ASMVP-16,youngmi02
22,Pablo Sandoval#,22,SFG,NL,633,.412,151,.350,.226,3.9,13.1,8.2,19.0,44.1,28.5,0.81,20.4,60.7,18.8,4.2,2.4%,35.27,24.5,50.0,42.4,*53/H2D,MVP-7,sandopa01
23,Miguel Cabrera,26,DET,AL,685,.412,150,.348,.223,5.0,15.6,9.9,23.4,44.0,24.2,0.78,27.3,53.5,19.2,1.5,3.0%,28.84,26.2,75.0,25.6,*3/DH,MVP-4,cabremi01
24,Todd Helton*,35,COL,NL,645,.405,135,.348,.164,2.3,11.3,13.8,25.8,39.9,28.9,0.66,23.1,59.7,17.3,2.6,2.1%,32.97,25.3,0.0,23.4,*3/H,MVP-13,heltoto01
25,Matt Kemp,24,LAD,NL,667,.386,133,.345,.193,3.9,20.8,7.8,22.2,41.0,31.7,0.71,29.6,56.9,13.5,2.5,1.3%,33.03,34.0,81.0,51.6,*8/9H,MVP-10GGSS,kempma01
26,Magglio Ordóñez,35,DET,AL,518,.362,113,.344,.118,1.7,12.5,9.8,23.1,52.0,19.9,1.08,20.9,56.2,22.9,0.5,1.4%,7.54,24.2,75.0,16.1,9D/H,,ordonma01
27,Carl Crawford*,27,TBR,AL,672,.370,117,.342,.147,2.2,14.7,7.6,20.4,51.9,22.4,1.10,18.5,56.8,24.7,0.4,-0.3%,15.44,35.4,78.9,52.5,*7/HD,AS,crawfca02
28,Skip Schumaker*,29,STL,NL,586,.352,110,.341,.090,0.7,11.8,8.9,20.6,61.7,14.4,1.62,20.2,60.9,18.9,0.6,0.3%,10.00,38.8,50.0,27.8,*47H9/8,,schumsk01
29,Matt Holliday,29,2TM,2LG,670,.399,144,.341,.201,3.6,15.1,10.7,19.1,44.4,26.9,0.80,25.1,54.7,20.2,3.2,2.0%,40.95,29.2,66.7,40.6,*7/H,MVP-16,hollima01
30,Scott Podsednik*,33,CHW,AL,587,.338,92,.341,.108,1.2,12.6,6.6,16.6,51.6,24.0,1.15,16.1,63.9,20.0,-0.2,-0.6%,-6.15,34.3,69.8,48.9,*78D/H9,,podsesc01
31,Luis Castillo#,33,NYM,NL,580,.344,102,.338,.043,0.2,10.0,11.9,21.5,54.9,13.7,1.46,10.9,67.3,21.8,0.0,-0.3%,2.59,35.2,76.9,46.8,*4/H,,castilu01
32,Bobby Abreu*,35,LAA,AL,667,.373,121,.338,.142,2.2,16.9,14.1,19.0,48.4,29.6,0.94,18.7,59.5,21.8,2.9,2.4%,34.84,33.1,78.9,44.4,*9D7/H,MVP-12,abreubo01
33,Nick Johnson*,30,2TM,NL,574,.380,130,.338,.114,1.4,14.6,17.2,22.4,43.8,28.8,0.78,26.1,55.7,18.1,3.6,1.2%,31.64,26.7,33.3,34.7,*3/H,,johnsni01
34,Erick Aybar#,25,LAA,AL,556,.343,102,.338,.111,0.9,9.7,5.4,15.4,42.0,25.1,0.87,27.8,56.3,15.8,-0.7,-0.1%,-2.63,34.8,66.7,62.3,*6/H,,aybarer01
35,Mark Reynolds,25,ARI,NL,662,.396,133,.338,.284,6.6,33.7,11.5,19.6,34.9,37.4,0.54,31.9,53.4,14.7,3.1,0.3%,28.23,28.9,72.7,30.2,*53/H,MVP-20,reynoma01
36,Franklin Gutierrez,26,SEA,AL,629,.346,109,.333,.142,2.9,19.4,7.3,19.2,43.7,28.2,0.84,25.3,58.5,16.2,3.2,2.3%,9.49,35.1,76.2,37.7,*8,,gutiefr01
37,Mark Teahen*,27,KCR,AL,571,.333,96,.332,.137,2.1,21.5,6.5,19.3,51.6,23.5,1.09,19.0,64.0,17.0,-1.5,-0.6%,-11.94,32.9,88.9,46.7,593/H4,,teahema01
38,Billy Butler,23,KCR,AL,672,.376,127,.332,.191,3.1,15.3,8.6,18.3,48.7,28.5,0.95,19.8,62.9,17.3,2.4,0.3%,22.31,25.7,100.0,28.4,*3D/H,,butlebi03
39,Martín Prado,25,ATL,NL,503,.369,123,.331,.158,2.2,11.7,7.2,20.0,42.4,28.1,0.77,23.7,56.3,20.0,0.8,0.3%,8.86,32.1,25.0,40.0,453H/9D,,pradoma01
40,Torii Hunter,33,LAA,AL,506,.380,126,.330,.208,4.3,18.2,9.3,19.0,46.4,25.8,0.88,26.6,63.2,10.2,1.8,1.2%,25.38,31.9,81.8,51.1,*8/DH,ASGGSS,hunteto01
41,Kendrys Morales#,26,LAA,AL,622,.385,136,.329,.263,5.5,18.8,7.4,15.8,42.5,36.5,0.74,25.6,59.1,15.3,2.8,1.8%,31.72,27.8,30.0,32.9,*3/H,MVP-5,moralke01
42,Jacoby Ellsbury*,25,BOS,AL,693,.362,100,.328,.114,1.2,10.7,7.1,18.5,48.8,24.4,1.02,24.7,56.2,19.0,-0.4,-0.7%,7.23,36.6,85.4,32.3,*8/H,,ellsbja01
43,Adam LaRoche*,29,3TM,2LG,629,.365,119,.328,.211,4.0,22.6,11.0,20.3,35.2,38.3,0.54,29.9,55.3,14.8,0.3,0.2%,18.20,26.8,50.0,37.8,*3/HD,,larocad01
44,Orlando Hudson#,31,LAD,NL,631,.352,111,.328,.134,1.4,15.7,9.8,17.4,54.9,20.6,1.33,22.7,59.9,17.4,0.1,0.5%,14.87,30.5,88.9,55.4,*4/H,ASGG,hudsoor01
45,Jason Kubel*,27,MIN,AL,578,.387,136,.327,.239,4.8,18.3,9.7,17.9,39.0,35.8,0.64,27.8,59.8,12.3,2.4,2.7%,29.16,24.3,50.0,24.5,D97H,MVP-24,kubelja01
46,Ryan Sweeney*,24,OAK,AL,534,.346,107,.327,.114,1.1,12.5,7.5,23.6,46.0,22.6,0.86,18.6,56.1,25.2,-0.8,-0.6%,-3.94,34.6,54.5,38.9,*98/7H,,sweenry01
47,Casey Blake,35,LAD,NL,565,.369,127,.327,.188,3.2,20.5,11.2,23.2,41.3,30.8,0.71,26.3,54.7,18.9,2.6,1.5%,17.13,35.3,42.9,42.3,*5/H37,,blakeca01
48,Scott Rolen,34,2TM,2LG,535,.367,119,.327,.149,2.1,11.6,8.4,23.3,37.5,30.4,0.60,27.1,57.2,15.7,2.1,0.9%,16.23,34.9,55.6,57.1,*5/H,,rolensc01
49,Derrek Lee,33,CHC,NL,615,.435,161,.327,.273,5.7,17.7,12.4,17.8,36.3,40.7,0.57,26.7,56.4,16.9,3.7,1.9%,55.30,27.1,100.0,34.1,*3/D,MVP-9,leede02
50,Adam Kennedy*,33,OAK,AL,587,.348,105,.326,.121,1.9,14.7,7.7,25.9,41.0,26.8,0.71,23.7,56.1,20.2,0.6,0.3%,7.55,28.3,76.9,34.9,54/H39,,kennead01
51,Ben Zobrist#,28,TBR,AL,599,.412,152,.326,.246,4.5,17.4,15.2,23.9,41.0,27.9,0.70,31.3,56.2,12.4,4.2,1.5%,43.04,29.8,73.9,46.9,49H6/7835D,ASMVP-8,zobribe01
52,Chase Headley#,25,SDP,NL,612,.340,108,.325,.131,2.0,21.7,10.1,18.0,44.2,30.3,0.79,27.9,55.3,16.7,1.0,0.1%,2.29,25.4,83.3,40.0,*75H/D3,,headlch01
53,Ryan Howard*,29,PHI,NL,703,.402,142,.325,.292,6.4,26.5,10.7,22.7,36.7,38.5,0.58,32.4,55.9,11.7,6.4,4.3%,46.85,28.8,88.9,25.8,*3/DH,ASMVP-3,howarry01
54,Adam Dunn*,29,WSN,NL,668,.398,143,.324,.262,5.7,26.5,17.4,22.4,32.9,35.3,0.49,32.4,51.1,16.5,2.6,0.4%,37.96,18.9,0.0,25.5,379/DH,,dunnad01
55,Robinson Canó*,26,NYY,AL,674,.378,124,.324,.199,3.7,9.3,4.5,21.6,47.2,26.1,0.90,19.9,60.2,19.9,-1.5,-1.7%,-7.62,36.8,41.7,40.3,*4/H,MVP-17,canoro01
56,Ryan Theriot,29,CHC,NL,677,.324,80,.323,.085,1.0,13.7,7.5,18.6,49.1,24.3,1.04,15.2,66.0,18.8,-1.7,-0.8%,-13.31,33.5,67.7,40.3,*6/H,,theriry01
57,Adam Lind*,25,TOR,AL,654,.401,143,.323,.257,5.4,16.8,8.9,21.4,43.2,31.2,0.76,25.4,56.1,18.5,2.7,1.3%,39.02,28.0,50.0,39.7,D7/H,MVP-15SS,lindad01
58,Cristian Guzmán#,31,WSN,NL,555,.321,88,.322,.105,1.1,13.5,2.9,18.8,52.7,19.9,1.16,32.0,50.5,17.4,-0.2,0.2%,2.32,42.0,44.4,46.6,*6H/D,,guzmacr01
59,Jack Cust*,30,OAK,AL,612,.346,105,.319,.177,4.1,30.2,15.2,22.0,37.0,37.7,0.60,27.4,54.8,17.8,0.1,0.0%,10.41,32.6,80.0,32.8,D9/H,,custja01
60,J.D. Drew*,33,BOS,AL,539,.393,136,.319,.243,4.5,20.2,15.2,20.6,38.6,33.9,0.63,33.6,53.0,13.3,0.7,0.4%,16.59,32.1,25.0,39.7,*9/HD,,drewj.01
61,Miguel Tejada,35,HOU,NL,674,.358,113,.318,.142,2.1,7.1,2.8,18.3,49.2,24.0,0.98,27.1,54.6,18.3,3.0,1.2%,10.02,32.1,71.4,34.4,*6,ASMVP-23,tejadmi01
62,Brian Roberts#,31,BAL,AL,717,.361,110,.318,.168,2.2,15.6,10.3,22.3,36.7,34.6,0.59,29.1,49.1,21.7,2.3,0.2%,17.06,39.3,81.1,34.2,*4/H,,roberbr01
63,Aaron Rowand,31,SFG,NL,546,.332,90,.318,.158,2.7,22.9,5.5,16.4,44.8,30.0,0.82,31.6,50.9,17.5,-0.4,-0.9%,4.40,28.9,80.0,33.3,*8/H,,rowanaa01
64,Yunel Escobar,26,ATL,NL,604,.368,121,.317,.136,2.3,10.3,9.4,18.1,49.7,26.5,1.04,21.3,57.9,20.8,2.1,1.2%,20.16,35.5,55.6,50.0,*6/H,MVP-20,escobyu01
65,Nick Markakis*,25,BAL,AL,711,.359,111,.317,.160,2.5,13.8,7.9,17.7,43.5,31.2,0.77,24.5,54.0,21.6,0.1,0.1%,10.89,33.2,75.0,48.1,*9,,markani01
66,Troy Tulowitzki,24,COL,NL,628,.404,135,.316,.256,5.1,17.8,11.6,16.6,42.3,32.0,0.75,27.1,58.1,14.8,0.6,1.2%,20.37,33.7,64.5,52.0,*6,MVP-5,tulowtr01
67,Shane Victorino,28,PHI,NL,694,.366,115,.315,.153,1.4,10.2,8.6,19.9,44.7,22.8,0.84,29.8,59.6,10.6,2.5,2.0%,23.85,38.8,75.8,50.0,*8/H,ASMVP-18GG,victosh01
68,Prince Fielder*,25,MIL,NL,719,.432,170,.315,.303,6.4,19.2,15.3,19.7,41.3,32.9,0.70,23.4,59.1,17.5,8.0,4.3%,70.74,22.8,40.0,17.5,*3,ASMVP-4,fieldpr01
69,Jason Bay,30,BOS,AL,638,.406,140,.315,.269,5.6,25.4,14.7,17.7,34.6,37.0,0.53,35.9,51.5,12.6,4.5,3.6%,47.39,32.1,81.3,42.6,*7/D,ASMVP-7SS,bayja01
70,Evan Longoria,23,TBR,AL,671,.386,132,.313,.245,4.9,20.9,10.7,20.6,38.8,35.3,0.64,31.0,55.2,13.7,1.9,0.8%,25.70,31.8,100.0,38.1,*5/DH,ASMVP-19GGSS,longoev01
71,A.J. Pierzynski*,32,CHW,AL,535,.333,89,.312,.125,2.4,9.7,4.5,19.9,46.5,27.3,0.88,25.1,54.8,20.1,0.0,0.1%,-5.99,27.0,50.0,32.1,*2H/D,,pierza.01
72,Alberto Callaspo#,26,KCR,AL,634,.360,116,.312,.156,1.7,8.0,8.2,17.9,41.7,36.0,0.72,25.7,58.5,15.8,0.5,0.2%,13.61,31.6,66.7,29.0,*45/H6,,callaal01
73,Victor Martinez#,30,2TM,AL,672,.381,130,.312,.177,3.4,11.0,11.2,21.0,44.8,28.7,0.81,31.0,54.8,14.2,3.3,2.7%,24.67,27.9,100.0,32.8,23/HD,ASMVP-21,martivi01
74,Emilio Bonifácio#,24,FLA,NL,509,.290,59,.312,.056,0.2,18.7,6.7,16.4,48.9,20.6,1.21,20.1,59.3,20.6,-1.6,-0.9%,-20.97,47.0,70.0,66.1,56H8/47,,bonifem01
75,David DeJesus*,29,KCR,AL,627,.340,106,.311,.152,2.1,13.9,8.1,19.1,44.9,28.3,0.85,20.0,63.2,16.8,0.2,-0.4%,8.85,30.0,30.8,40.6,*7/89H,,dejesda01
76,Ryan Zimmerman,24,WSN,NL,694,.388,134,.310,.233,4.8,17.1,10.4,21.8,39.2,31.0,0.65,21.5,61.4,17.1,2.9,0.5%,28.15,35.2,100.0,45.7,*5/HD,ASMVP-25GGSS,zimmery01
77,Jorge Cantú,27,FLA,NL,643,.361,112,.310,.154,2.5,12.6,7.3,22.4,36.7,30.1,0.58,35.4,53.6,11.0,3.1,1.4%,19.32,24.8,75.0,21.5,*35/DH,,cantujo01
78,B.J. Upton,24,TBR,AL,626,.317,82,.310,.132,1.8,24.3,9.1,17.4,42.8,28.0,0.79,26.6,58.5,15.0,-0.4,-0.9%,-4.95,37.0,75.0,39.7,*8/H,,uptonbj01
79,Kosuke Fukudome*,32,CHC,NL,603,.361,112,.310,.162,1.8,18.6,15.4,21.5,45.1,25.6,0.87,23.8,60.5,15.7,0.9,1.1%,9.91,31.8,37.5,48.4,*89H,,fukudko01
80,Jhonny Peralta,27,CLE,AL,645,.318,90,.309,.120,1.7,20.8,7.9,18.2,50.9,25.0,1.05,32.2,55.5,12.3,-1.8,-0.5%,-21.21,24.0,0.0,37.5,56/DH,,peraljh01
81,Yadier Molina,26,STL,NL,544,.346,104,.309,.089,1.1,7.2,9.2,20.9,50.8,22.7,1.06,18.7,61.5,19.8,-0.5,-0.7%,-4.12,20.4,75.0,27.1,*2/3H,ASMVP-23GG,molinya01
82,Hunter Pence,26,HOU,NL,647,.358,116,.308,.190,3.9,16.8,9.0,13.6,53.0,26.7,1.13,19.2,64.7,16.1,0.6,-0.1%,-1.84,25.6,56.0,54.1,*9/H,AS,pencehu01
83,Randy Winn#,35,SFG,NL,597,.314,74,.308,.091,0.3,15.6,7.9,21.3,45.4,26.8,0.86,23.2,59.6,17.1,1.0,0.9%,1.98,33.7,88.9,40.3,*978/HD,,winnra01
84,Adam Jones,23,BAL,AL,519,.347,103,.308,.180,3.7,17.9,6.9,18.8,55.1,21.9,1.24,27.4,56.7,15.9,0.9,1.0%,5.56,41.3,71.4,43.9,*8/H,ASGG,jonesad01
85,Marlon Byrd,31,TEX,AL,599,.358,109,.308,.196,3.3,16.4,5.3,19.4,41.0,31.6,0.69,31.2,55.1,13.7,0.9,0.5%,7.30,26.0,66.7,33.3,*87/9H,,byrdma01
86,Cody Ross,28,FLA,NL,604,.350,104,.306,.199,4.0,20.2,5.6,20.0,34.2,34.4,0.52,26.4,59.0,14.6,0.7,0.7%,8.09,28.8,71.4,40.4,*89/1H,,rossco01
87,Johnny Damon*,35,NYY,AL,626,.384,123,.305,.207,3.8,15.7,11.3,18.5,40.7,31.4,0.70,35.2,48.4,16.5,3.7,2.7%,24.55,40.7,100.0,52.2,*7/HD,,damonjo01
88,Jeff Francoeur,25,2TM,NL,632,.322,88,.305,.143,2.4,14.6,3.6,21.9,37.8,30.5,0.61,20.4,59.2,20.4,-2.0,-0.8%,-15.22,31.7,60.0,43.8,*9/H,,francje02
89,Elvis Andrus,20,TEX,AL,541,.329,80,.305,.106,1.1,14.2,7.4,21.3,52.4,16.7,1.27,23.2,59.8,17.0,-0.7,-0.3%,-4.44,39.3,84.6,45.3,*6/H,ROY-2,andruel01
90,Lyle Overbay*,32,TOR,AL,500,.369,120,.305,.201,3.2,19.0,14.8,22.7,41.4,32.0,0.71,25.1,61.0,13.9,0.1,0.3%,11.96,24.1,,24.4,*3/H,,overbly01
91,Jayson Werth,30,PHI,NL,676,.394,133,.304,.238,5.3,23.1,13.5,19.7,36.8,37.3,0.58,26.1,57.7,16.2,1.6,1.1%,31.08,28.7,87.0,35.5,*98/H7,ASMVP-17,werthja01
92,Marco Scutaro,33,TOR,AL,680,.360,113,.304,.127,1.8,11.0,13.2,21.3,35.8,32.9,0.58,24.3,56.0,19.8,0.7,0.2%,13.99,36.1,73.7,31.1,*6/4D,,scutama01
93,Mike Cameron,36,MIL,NL,628,.353,110,.304,.202,3.8,24.8,11.9,16.8,36.1,38.7,0.57,33.1,51.4,15.5,-0.7,0.1%,5.21,28.3,70.0,45.8,*8/H,,camermi01
94,Álex Rodríguez,33,NYY,AL,535,.409,141,.303,.245,5.6,18.1,15.0,20.0,43.1,31.1,0.76,31.4,56.0,12.6,3.7,2.2%,23.94,25.9,87.5,44.4,*5/DH,MVP-10,rodrial01
95,Orlando Cabrera,34,2TM,AL,708,.319,85,.302,.105,1.3,10.0,5.1,20.1,45.1,25.0,0.85,23.0,57.9,19.1,-1.2,1.3%,-4.23,34.7,76.5,50.0,*6/H,,cabreor01
96,Rafael Furcal#,31,LAD,NL,680,.327,95,.302,.106,1.3,13.1,9.0,16.8,50.9,20.6,1.16,25.1,57.7,17.2,0.2,-0.4%,-0.72,38.1,66.7,38.8,*6/H,,furcara02
97,Mark Teixeira#,29,NYY,AL,707,.406,142,.302,.273,5.5,16.1,11.5,19.4,36.8,34.6,0.58,38.6,51.0,10.4,3.5,2.5%,41.75,27.6,100.0,39.5,*3/DH,ASMVP-2GGSS,teixema01
98,Russell Branyan*,33,SEA,AL,505,.367,124,.300,.269,6.1,29.5,11.5,18.7,33.2,37.7,0.51,34.9,47.8,17.3,0.8,0.8%,13.82,22.9,100.0,31.4,*3,,branyru01
99,Chase Utley*,30,PHI,NL,687,.410,142,.300,.226,4.5,16.0,12.8,19.4,34.4,38.1,0.52,33.8,50.3,15.9,4.6,3.9%,47.83,33.5,100.0,67.7,*4/H,ASMVP-8SS,utleych01
100,Albert Pujols,29,STL,NL,700,.459,190,.299,.331,6.7,9.1,16.4,19.3,38.5,32.6,0.63,34.0,55.5,10.5,8.0,5.2%,78.73,29.3,80.0,46.1,*3/HD,ASMVP-1SS,pujolal01
101,James Loney*,25,LAD,NL,652,.350,111,.299,.118,2.0,10.4,10.7,21.1,43.7,27.7,0.78,22.2,57.5,20.3,0.7,0.7%,18.74,27.4,70.0,37.3,*3/H,,loneyja01
102,Brian McCann*,25,ATL,NL,551,.376,125,.297,.205,3.8,15.1,8.9,18.8,37.9,33.6,0.63,38.4,45.7,15.9,1.3,0.5%,30.78,24.7,80.0,27.0,*2H/D,ASSS,mccanbr01
103,Dustin Pedroia,25,BOS,AL,714,.373,117,.297,.152,2.1,6.3,10.4,18.1,40.2,35.3,0.68,29.3,52.0,18.6,-0.3,-1.0%,10.31,40.2,71.4,39.5,*4,AS,pedrodu01
104,Lance Berkman#,33,HOU,NL,563,.395,142,.296,.235,4.4,17.4,17.2,17.8,43.7,33.1,0.78,22.7,54.4,23.0,2.1,0.7%,31.26,24.1,63.6,35.3,*3/H,,berkmla01
105,Ryan Ludwick,30,STL,NL,542,.348,106,.296,.181,4.1,19.6,7.6,21.0,32.5,36.1,0.48,27.8,54.8,17.4,0.9,1.0%,20.81,26.5,66.7,50.0,*9H/78,,ludwiry01
106,Michael Cuddyer,30,MIN,AL,650,.376,126,.295,.245,4.9,18.2,8.3,14.6,44.9,30.5,0.82,30.3,55.5,14.2,0.7,4.2%,6.96,32.1,85.7,48.0,*93/8DH4,MVP-21,cuddymi01
107,Plácido Polanco,33,DET,AL,676,.333,92,.293,.112,1.5,6.8,5.3,22.3,42.6,27.4,0.77,26.4,58.4,15.2,1.0,-1.9%,4.79,34.1,77.8,36.8,*4/H,MVP-25GG,polanpl01
108,Carlos Lee,33,HOU,NL,662,.370,123,.290,.189,3.9,7.7,6.2,20.3,35.8,34.4,0.56,32.3,55.2,12.5,1.4,0.3%,13.37,19.4,62.5,19.0,*7/D3,,leeca01
109,Raúl Ibañez*,37,PHI,NL,565,.393,135,.290,.280,6.0,21.1,9.9,18.4,42.5,33.4,0.74,26.7,58.3,15.0,3.6,2.3%,29.21,36.4,100.0,35.7,*7/HD,AS,ibanera01
110,Andre Ethier*,27,LAD,NL,685,.379,134,.289,.237,4.5,16.9,10.5,21.1,38.4,34.9,0.62,24.8,58.3,16.9,4.8,2.5%,26.81,28.2,60.0,40.3,*9/H,MVP-6SS,ethiean01
111,Josh Willingham,30,WSN,NL,502,.389,136,.289,.237,4.8,20.7,12.2,22.8,36.9,32.9,0.59,34.1,54.2,11.8,-0.3,-0.2%,9.76,28.8,57.1,41.4,*79H/3,,willijo03
112,Aaron Hill,27,TOR,AL,734,.367,118,.288,.213,4.9,13.4,5.7,21.4,39.0,30.1,0.64,30.1,58.2,11.7,2.1,0.2%,25.97,32.5,75.0,40.9,*4/DH,ASMVP-12SS,hillaa01
113,Stephen Drew*,26,ARI,NL,595,.338,91,.288,.167,2.0,14.6,8.2,19.7,37.6,33.8,0.62,22.9,58.5,18.6,0.7,0.2%,5.44,33.3,83.3,43.1,*6/HD,,drewst01
114,Alexei Ramírez,27,CHW,AL,606,.331,87,.288,.113,2.5,10.9,8.1,15.9,44.9,26.3,0.86,30.6,55.5,13.9,-0.2,-0.2%,-9.42,30.3,73.7,45.8,*6,,ramiral03
115,Melky Cabrera#,24,NYY,AL,540,.339,92,.288,.142,2.4,10.9,8.0,20.5,49.3,22.1,1.01,23.7,59.0,17.3,-0.8,-0.5%,-3.65,31.7,83.3,49.0,*897/HD,,cabreme01
116,Chipper Jones#,37,ATL,NL,596,.362,116,.287,.166,3.0,14.9,16.9,18.5,44.9,32.8,0.82,23.7,56.5,19.8,2.2,1.4%,24.24,29.1,80.0,41.4,*5/HD,,jonesch06
117,Garret Anderson*,37,ATL,NL,534,.312,79,.286,.133,2.4,13.7,5.1,19.2,41.7,31.9,0.71,31.9,54.6,13.4,-1.4,-0.4%,-14.60,26.2,100.0,34.8,*7H/D,,anderga01
118,Andy LaRoche,25,PIT,NL,590,.329,92,.286,.143,2.0,14.2,8.5,15.8,48.0,26.1,0.95,25.9,58.0,16.1,-0.3,0.0%,-3.31,28.7,75.0,42.6,*5/H,,larocan01
119,Kazuo Matsui#,33,HOU,NL,533,.300,66,.285,.107,1.7,15.9,6.4,17.5,44.0,23.8,0.92,20.7,59.4,20.0,-1.3,-0.8%,-9.75,32.0,86.4,37.1,*4/H,,matsuka01
120,Kevin Kouzmanoff,27,SDP,NL,573,.321,95,.285,.164,3.1,18.5,4.7,19.3,45.2,28.9,0.83,26.1,61.5,12.4,-0.2,-0.5%,-5.79,20.6,100.0,34.0,*5/H,,kouzmke01
121,Daniel Murphy*,24,NYM,NL,556,.329,94,.284,.161,2.2,12.4,6.8,20.5,39.0,31.6,0.66,25.0,52.9,22.1,-0.6,-0.5%,-0.27,29.8,66.7,55.6,3H7,,murphda08
122,Russell Martin,26,LAD,NL,588,.321,91,.284,.079,1.2,13.6,11.7,19.2,49.5,22.7,1.00,26.4,56.8,16.8,-2.6,-0.8%,-13.24,28.1,64.7,47.5,*2/HD5,,martiru01
123,Brandon Phillips,28,CIN,NL,644,.347,102,.284,.171,3.1,11.6,6.8,17.3,49.9,26.8,1.01,24.7,54.7,20.6,-0.1,0.0%,11.88,30.4,73.5,52.0,*4/H,,phillbr01
124,Luke Scott*,31,BAL,AL,506,.359,112,.283,.229,4.9,20.6,10.9,16.8,40.5,32.9,0.68,35.3,51.7,13.0,-0.2,0.4%,17.56,24.5,,32.7,D73/H,,scottlu01
125,Colby Rasmus*,22,STL,NL,520,.318,84,.282,.156,3.1,18.3,6.9,18.9,33.9,37.3,0.54,28.2,56.7,15.0,0.0,0.7%,-1.01,39.4,75.0,70.0,*8H/79,ROY-8,rasmuco01
126,Paul Konerko,33,CHW,AL,621,.369,115,.282,.212,4.5,14.3,9.3,21.3,35.8,35.6,0.56,31.5,57.5,11.0,0.8,0.3%,9.92,24.6,100.0,23.4,*3D/H,,konerpa01
127,Mark DeRosa,34,2TM,2LG,576,.334,99,.282,.183,4.0,21.0,8.2,17.5,43.9,31.2,0.80,27.9,54.6,17.5,1.5,0.4%,10.91,34.4,60.0,50.0,5739/H4D,,derosma01
128,Édgar Rentería,32,SFG,NL,510,.290,59,.281,.078,1.0,13.5,7.6,20.7,46.4,23.2,0.91,22.8,60.8,16.5,-0.9,-0.4%,-6.23,30.0,77.8,28.6,*6/H,,renteed01
129,Pedro Feliz,34,PHI,NL,625,.315,80,.281,.121,1.9,10.9,5.6,20.4,43.7,28.1,0.79,28.9,56.8,14.3,0.6,0.6%,8.54,27.8,0.0,24.2,*5/H6,,felizpe01
130,David Eckstein,34,SDP,NL,568,.307,85,.281,.074,0.4,8.1,6.9,20.0,44.3,23.4,0.86,22.4,54.9,22.8,1.2,0.5%,2.96,35.0,75.0,41.2,*4/H,,eckstda01
131,Juan Rivera,30,LAA,AL,572,.361,116,.281,.191,4.4,10.0,6.3,16.6,44.4,29.8,0.80,26.5,60.3,13.2,0.8,1.2%,6.93,28.5,0.0,29.4,*7D/9,,riverju01
132,Nate McLouth*,27,2TM,NL,591,.357,110,.281,.179,3.4,16.8,11.5,14.7,40.5,33.5,0.71,34.7,53.0,12.3,0.4,0.0%,9.65,35.3,76.0,41.1,*8/H,,mclouna01
133,Kurt Suzuki,25,OAK,AL,614,.333,95,.280,.147,2.4,9.6,4.6,19.3,44.7,28.1,0.82,24.5,58.8,16.8,-1.2,-0.3%,2.33,33.3,80.0,41.9,*2D/H,,suzukku01
134,Vernon Wells,30,TOR,AL,684,.324,86,.279,.140,2.2,12.6,7.0,16.2,42.8,28.6,0.75,28.6,61.9,9.5,-2.7,-1.1%,-18.07,34.8,81.0,54.4,*8/DH,,wellsve01
135,Alfonso Soriano,33,CHC,NL,522,.327,81,.279,.182,3.8,22.6,7.7,18.0,33.8,36.0,0.51,33.0,49.6,17.5,0.7,0.2%,-11.46,31.9,81.8,53.1,*7/45H,,soriaal01
136,Nelson Cruz,28,TEX,AL,515,.370,113,.278,.264,6.4,22.9,9.5,17.9,38.4,32.9,0.64,27.7,54.6,17.6,0.7,0.9%,13.62,30.4,83.3,31.0,*9/DH7,AS,cruzne02
137,Adrián González*,27,SDP,NL,681,.412,164,.278,.274,5.9,16.0,17.5,22.3,38.6,33.7,0.63,22.5,58.0,19.4,3.9,0.7%,44.06,21.1,50.0,30.4,*3/HD,ASMVP-12GG,gonzaad01
138,Brandon Inge,32,DET,AL,637,.324,89,.277,.176,4.2,26.7,8.5,17.2,40.9,32.3,0.70,32.8,52.5,14.6,0.8,0.8%,-7.42,25.4,28.6,24.6,*5,AS,ingebr01
139,Grady Sizemore*,26,CLE,AL,503,.352,114,.275,.197,3.6,18.3,11.9,16.7,36.0,36.0,0.59,28.8,52.4,18.7,-0.4,-0.4%,14.00,35.7,61.9,39.2,8D,,sizemgr01
140,Curtis Granderson*,28,DET,AL,710,.341,97,.275,.204,4.2,19.9,10.1,21.2,30.5,34.3,0.45,37.8,46.9,15.4,0.3,2.7%,-3.05,30.3,76.9,48.1,*8/H,AS,grandcu01
141,Dan Uggla,29,FLA,NL,668,.361,112,.274,.216,4.6,22.5,13.8,17.7,37.5,34.8,0.60,35.1,53.0,11.9,0.4,-0.1%,11.65,25.9,66.7,34.9,*4/H,,ugglada01
142,Hideki Matsui*,35,NYY,AL,528,.383,126,.273,.235,5.3,14.2,12.1,20.4,38.9,31.9,0.64,30.0,54.6,15.4,1.4,0.9%,23.47,20.6,0.0,40.0,*DH,,matsuhi01
143,Justin Morneau*,28,MIN,AL,590,.373,125,.273,.242,5.1,14.6,12.2,15.2,41.7,34.0,0.72,27.5,56.9,15.6,1.2,0.7%,24.44,29.9,,36.7,*3D,AS,morneju01
144,Álex Ríos,28,2TM,AL,633,.318,79,.273,.148,2.7,16.9,5.8,17.0,42.7,30.4,0.75,26.7,58.6,14.7,-1.6,-0.9%,-18.79,27.1,82.8,42.9,*98,,riosal01
145,Nick Swisher#,28,NYY,AL,607,.377,121,.272,.249,4.8,20.8,16.0,17.8,38.1,33.1,0.63,31.8,51.2,17.1,1.7,0.2%,14.01,28.2,,36.8,*93/7HD1,,swishni01
146,Clint Barmes,30,COL,NL,604,.323,78,.271,.195,3.8,20.0,5.1,21.9,29.4,32.1,0.43,33.3,51.4,15.4,-1.8,-3.1%,-12.32,30.1,54.5,65.7,*46/H,,barmecl01
147,José López,25,SEA,AL,653,.334,102,.270,.191,3.8,10.6,3.7,21.8,40.4,29.4,0.69,37.5,49.8,12.6,-0.5,-0.6%,-3.72,25.6,50.0,26.7,*43/H,,lopezjo01
148,Jason Kendall,35,MIL,NL,526,.306,75,.270,.064,0.4,11.0,8.7,20.2,44.2,26.7,0.82,29.6,54.6,15.8,-0.8,-0.7%,-12.61,27.1,77.8,26.1,*2/H,,kendaja01
149,Chris Young,25,ARI,NL,501,.320,78,.268,.187,3.0,26.5,11.8,18.4,25.9,31.5,0.36,33.8,51.0,15.2,-2.8,-0.9%,-15.18,27.9,73.3,48.6,*8H,,youngch04
150,Jermaine Dye,35,CHW,AL,574,.345,99,.268,.203,4.7,18.8,11.1,17.6,39.3,31.0,0.65,30.2,54.4,15.4,-1.3,-0.9%,2.96,30.4,0.0,37.5,*9/DH,,dyeje01
151,Bengie Molina,34,SFG,NL,520,.314,78,.266,.177,3.8,13.1,2.5,19.6,30.9,39.2,0.45,26.5,57.4,16.1,-0.4,-0.4%,-5.04,25.0,,12.0,*2H/D,,molinbe01
152,David Ortiz*,33,BOS,AL,627,.346,100,.262,.224,4.5,21.4,11.8,16.2,31.9,41.5,0.47,28.0,53.9,18.1,0.8,0.9%,14.76,27.2,0.0,8.0,*D/3H,,ortizda01
153,Aubrey Huff*,32,2TM,AL,597,.303,75,.260,.144,2.5,14.6,8.5,17.8,47.4,26.2,0.90,31.1,56.4,12.6,-0.2,0.3%,-4.80,25.9,0.0,28.4,3DH,,huffau01
154,Yuniesky Betancourt,27,2TM,AL,508,.281,62,.256,.106,1.2,8.7,4.1,17.2,40.6,25.7,0.73,30.2,56.9,12.9,-2.2,-0.5%,-26.61,26.2,50.0,38.0,*6/H,,betanyu01
155,Jimmy Rollins#,30,PHI,NL,725,.329,86,.251,.173,2.9,9.7,6.1,19.2,40.1,29.1,0.68,36.5,49.6,14.0,-0.7,-0.4%,-6.08,40.9,79.5,35.2,*6/H,GG,rolliji01
156,Carlos Peña*,31,TBR,AL,570,.378,130,.250,.310,6.8,28.6,15.3,20.9,28.3,36.3,0.41,42.8,46.0,11.3,1.9,1.4%,22.77,31.7,50.0,45.7,*3/H,AS,penaca01
157,Ian Kinsler,27,TEX,AL,640,.367,110,.241,.235,4.8,12.0,9.2,17.7,29.9,36.9,0.44,33.7,50.8,15.5,1.1,0.5%,24.24,39.5,86.1,41.5,*4,MVP-26,kinslia01